key_fangraphs,key_mlbam
15640,592450.0
21534,663728.0
25764,677951.0
19755,660271.0
22799,672695.0
16252,607208.0
25878,682998.0
13510,608070.0
12916,596019.0
19709,665487.0
20123,665742.0
21636,665161.0
23697,677594.0
22715,672580.0
27769,691718.0
12856,543807.0
14161,621439.0
16478,656941.0
15998,641355.0
26289,683002.0
21479,663538.0
14344,621566.0
22581,672386.0
35110,701762.0
13613,606466.0
28163,691406.0
18345,663656.0
20454,665862.0
22186,668930.0
26668,682829.0
19197,669257.0
33333,694671.0
24816,681624.0
27464,693307.0
26151,669065.0
13624,608369.0
15986,642715.0
5361,518692.0
25816,669127.0
19611,665489.0
24617,680776.0
19612,666182.0
12552,553993.0
11493,592518.0
24262,678882.0
16505,656305.0
19251,624413.0
29622,686217.0
20503,661388.0
18401,660670.0
26319,683737.0
11579,547180.0
17678,608324.0
33266,805779.0
27479,691026.0
29715,696100.0
27467,691016.0
13611,605141.0
17350,646240.0
29518,695578.0
18314,621020.0
18564,663757.0
18030,664056.0
19392,656716.0
12161,593428.0
20352,676391.0
24610,680757.0
27478,672275.0
18839,647304.0
31539,686948.0
31347,687263.0
25768,682928.0
26294,681082.0
17128,657656.0
29576,700250.0
16442,656811.0
29490,701538.0
12927,607043.0
12564,596115.0
27562,669224.0
16578,650490.0
13301,571970.0
25976,682985.0
17548,621493.0
24679,680977.0
28806,694192.0
19290,668227.0
18036,630105.0
19522,670770.0
11609,575929.0
17919,664023.0
15491,641487.0
31812,701350.0
29712,695657.0
20599,671056.0
22664,672515.0
19722,665966.0
13152,593871.0
30116,673548.0
25477,686555.0
13620,608348.0
16997,650402.0
14162,621043.0
29646,702332.0
21837,666018.0
20036,670623.0
22266,669364.0
19627,667670.0
11477,592885.0
23772,677800.0
20202,669016.0
33824,808982.0
27465,679529.0
26123,683146.0
14854,573262.0
20308,676694.0
19608,672640.0
31370,805300.0
19918,662139.0
24598,680718.0
16530,643289.0
27615,676475.0
13897,623168.0
5417,514888.0
24618,680777.0
15362,643446.0
11739,592663.0
23401,676609.0
12533,543760.0
22542,671732.0
19352,669221.0
4949,519317.0
33549,691019.0
27815,676059.0
15112,641857.0
10155,545361.0
26121,682626.0
18123,664770.0
26396,669701.0
26202,663968.0
17620,664702.0
26477,687462.0
18882,664040.0
21618,664761.0
22857,672761.0
18360,663586.0
7802,500743.0
26299,673962.0
31349,687363.0
33321,807712.0
17022,624641.0
27899,690993.0
23003,673237.0
21711,665833.0
25782,686780.0
15905,620443.0
26438,686527.0
21562,663853.0
27676,686469.0
25961,681481.0
33322,807713.0
25807,669707.0
21865,666310.0
29995,695734.0
26466,670242.0
15274,643565.0
33189,694384.0
27790,694497.0
22896,672820.0
20572,665019.0
12979,595879.0
25931,671739.0
29695,680574.0
18577,663647.0
25493,687401.0
23565,676914.0
10815,595777.0
24878,681715.0
19901,657757.0
16535,643376.0
20178,678246.0
21524,663698.0
17929,656775.0
16556,645277.0
20043,673357.0
31580,805367.0
29858,672016.0
25180,682177.0
20220,666176.0
29794,700932.0
19363,669720.0
10324,542303.0
31781,702616.0
26288,668939.0
19470,669242.0
12976,595978.0
18872,663330.0
15878,609280.0
17276,656577.0
26517,682622.0
17988,663886.0
22515,671218.0
19326,668804.0
13419,572233.0
18795,602104.0
21614,664728.0
22563,672356.0
15271,642851.0
13770,608701.0
27462,668885.0
26323,668715.0
23789,677942.0
19913,660821.0
29844,689414.0
5517,543309.0
31363,688363.0
35108,701358.0
20437,668904.0
27647,683011.0
21538,663743.0
21840,666023.0
19950,665926.0
29931,696285.0
16472,656555.0
19296,669743.0
31431,687597.0
18568,650333.0
17982,664034.0
9777,571448.0
27490,693304.0
21693,665804.0
22239,669236.0
15194,641343.0
9218,502671.0
14968,605170.0
21009,660844.0
19238,666971.0
35322,808975.0
25979,683083.0
24064,678662.0
15674,624512.0
21454,663457.0
13675,621438.0
29478,695600.0
29630,694388.0
21842,666126.0
20002,669369.0
19892,656976.0
17232,660162.0
31695,687637.0
19455,655316.0
12859,543510.0
9241,516782.0
27577,669477.0
20391,671277.0
15223,624428.0
28253,691594.0
19346,642201.0
31912,802415.0
19287,666969.0
23698,677595.0
16512,643396.0
16947,656537.0
22277,669397.0
19956,666160.0
26365,676356.0
25643,686452.0
21746,665877.0
24605,680737.0
13066,606192.0
28080,691176.0
26197,683734.0
12144,596146.0
17338,650489.0
29591,681297.0
19318,642136.0
24488,680474.0
29524,669326.0
31583,805904.0
19556,670541.0
7304,521692.0
29592,681393.0
27653,683766.0
23792,677950.0
27883,695336.0
20084,641555.0
31505,701398.0
15653,642086.0
15518,642708.0
27690,686894.0
22184,668901.0
29788,695391.0
29668,691785.0
18819,628451.0
25479,686668.0
19921,663368.0
26420,677347.0
23690,677587.0
11680,553869.0
33197,810938.0
27555,669003.0
24336,679032.0
26548,682668.0
28820,694208.0
24622,680837.0
26149,666150.0
25055,681987.0
19955,666158.0
19260,641584.0
13355,571912.0
25779,686475.0
9874,518934.0
31595,686797.0
27506,673490.0
14111,606992.0
2396,467793.0
16725,624431.0
20017,670156.0
26374,670224.0
19452,668670.0
31665,690976.0
22458,670764.0
21646,665561.0
21496,663604.0
9774,543877.0
20450,676551.0
25543,686676.0
26143,687859.0
17901,643217.0
21501,663616.0
33704,692216.0
2967,502054.0
18054,664059.0
28312,691723.0
13324,545121.0
34979,695681.0
18015,657557.0
18848,650968.0
19354,670042.0
33541,686611.0
31765,805373.0
23800,678009.0
19514,668800.0
31357,701675.0
26253,669194.0
31567,702358.0
16398,640459.0
24589,680700.0
27931,690984.0
25971,682634.0
22541,671655.0
13145,605137.0
15679,642133.0
13755,621512.0
19877,656484.0
31562,701305.0
33280,694728.0
19802,640902.0
21716,665839.0
16622,649966.0
24273,678894.0
27630,679845.0
31500,690022.0
21707,665828.0
23986,678554.0
20536,660644.0
19966,666915.0
26208,666149.0
31545,687551.0
26284,670231.0
27531,666152.0
21871,666464.0
29487,694362.0
18217,664954.0
15172,641313.0
22766,672642.0
29949,672012.0
10655,542963.0
17954,656541.0
21626,665052.0
20404,676724.0
21853,666181.0
26546,682663.0
21497,663609.0
13338,553882.0
31855,687515.0
29554,680728.0
19562,670097.0
23691,677588.0
29573,695257.0
29606,669234.0
20311,667452.0
16153,596103.0
25999,683748.0
15161,641598.0
8623,456781.0
31991,804668.0
19858,650859.0
29571,694374.0
28142,691373.0
22707,672569.0
21558,663837.0
22054,667472.0
20003,669374.0
21587,663967.0
20321,656413.0
29547,669208.0
21780,665923.0
27915,696030.0
33252,691720.0
13768,608671.0
15055,624513.0
27496,683357.0
10200,571466.0
23733,677649.0
17684,605353.0
18551,645305.0
23250,675915.0
26244,685744.0
25621,682868.0
20626,682515.0
25353,683021.0
22232,669200.0
24655,680911.0
29958,695670.0
21489,663584.0
21547,663796.0
22168,668731.0
16451,641645.0
12317,607067.0
17735,641302.0
18067,596117.0
19824,642020.0
22286,669432.0
24400,679631.0
25005,681909.0
25448,675659.0
30146,683004.0
35324,829272.0
25714,688760.0
11442,596142.0
13590,608385.0
9847,457705.0
26368,668709.0
31837,807799.0
22275,669394.0
27963,691185.0
21897,666624.0
25483,686765.0
19953,666139.0
18042,664238.0
26540,682657.0
11489,572191.0
14712,622534.0
24782,681584.0
25705,687957.0
21635,665155.0
26224,687231.0
18821,640492.0
27735,689172.0
21622,664983.0
27504,694377.0
31382,687221.0
24641,680862.0
19599,676801.0
31564,702176.0
22557,672279.0
19643,669288.0
24597,680716.0
16953,644433.0
29617,680779.0
18353,663662.0
22411,670276.0
19779,680118.0
31793,689041.0
5273,506702.0
27599,674441.0
27497,682997.0
30163,693409.0
27501,679822.0
25660,686823.0
12155,592696.0
19314,622268.0
22274,669392.0
12147,605113.0
16417,642727.0
16925,605244.0
23788,677941.0
25814,667690.0
27763,691011.0
28344,691907.0
31792,805249.0
31394,681460.0
26467,682641.0
28022,700337.0
5827,527038.0
22263,669357.0
33644,692225.0
19960,666211.0
29830,676466.0
10472,571771.0
18363,645302.0
22209,669087.0
10231,578428.0
19458,669450.0
19252,624415.0
23917,678391.0
23802,678011.0
19958,666198.0
15654,641856.0
27573,669398.0
33390,805811.0
23378,676480.0
23442,676679.0
21735,665861.0
19262,641658.0
25805,666165.0
21535,663731.0
23818,678225.0
22165,668723.0
22566,672359.0
10441,572138.0
16219,605204.0
23790,677943.0
25980,683090.0
19566,663993.0
15711,641933.0
14221,624585.0
21523,663697.0
16426,642731.0
31680,702284.0
25855,685301.0
29634,695238.0
5235,457759.0
25629,683227.0
7739,518595.0
26599,682729.0
19997,669289.0
19890,656896.0
29993,691781.0
30038,700246.0
12180,595751.0
15730,642180.0
28824,694212.0
17040,645444.0
17907,663898.0
30028,676044.0
12158,605131.0
29766,680869.0
20970,660757.0
12434,607680.0
26295,686554.0
27770,691728.0
31661,689200.0
25524,668845.0
17975,664068.0
20557,680769.0
27789,694376.0
31437,690291.0
23782,677870.0
26148,663536.0
25183,682183.0
19339,670032.0
16623,656185.0
26536,682653.0
23395,676572.0
10243,545341.0
18373,663624.0
19358,642215.0
29779,691777.0
27845,670223.0
22530,671286.0
20126,666185.0
10681,570482.0
20529,666134.0
27684,686681.0
18171,664913.0
13757,621035.0
25434,669717.0
21797,665953.0
12037,542932.0
23372,676439.0
16357,622569.0
19600,650559.0
23312,676116.0
15941,543592.0
20538,669304.0
20056,676701.0
31354,699625.0
23968,678489.0
33098,676812.0
25688,687478.0
25690,687529.0
19198,493329.0
29782,694359.0
29614,677060.0
25867,668952.0
17452,642350.0
22217,669134.0
19294,669256.0
30063,671976.0
22842,672744.0
16930,641680.0
29704,690924.0
12005,605361.0
27482,690987.0
28816,694203.0
29976,691783.0
24770,681546.0
22244,669261.0
22558,672284.0
31522,671284.0
16939,657041.0
4940,518792.0
17273,622761.0
23695,677592.0
19384,670092.0
20287,666163.0
27493,677956.0
15429,592178.0
19931,663897.0
22505,671083.0
11737,592206.0
16376,624424.0
30011,687952.0
20505,671221.0
24934,681807.0
22514,671213.0
25346,682927.0
19864,656180.0
25844,669722.0
25332,682848.0
22197,669004.0
26106,668974.0
22532,671289.0
19844,647351.0
19818,641943.0
11445,592192.0
31396,682988.0
19896,657136.0
21270,656248.0
24759,681508.0
17696,621028.0
24703,681146.0
13621,600869.0
27534,666397.0
24729,681351.0
11899,592626.0
28552,692585.0
6887,455117.0
18900,665750.0
16572,656582.0
22823,672724.0
25467,683770.0
23296,676070.0
17027,657077.0
14551,623993.0
29575,700242.0
13185,606115.0
27962,691182.0
15464,592669.0
25040,681962.0
24496,680577.0
14813,571657.0
19610,660688.0
31166,677008.0
24257,678877.0
27475,691023.0
19734,668942.0
13723,607732.0
35041,695506.0
18126,664774.0
25845,669911.0
