Player,Team,Positions,IP,K,W,SV,ERA,WHIP,ER,H,BB,HR,G,GS,L,CG,Rost%
Shohei Ohtani,LAD,"SP,DH",118.9,143,9,0,3.37,1.11,44,93,39,14,23,23,5,1,100%
Tarik Skubal,DET,SP,193.0,234,14,0,2.72,0.97,58,148,40,18,31,31,7,1,99%
Paul Skenes,PIT,SP,186.1,221,13,0,2.79,1.04,58,146,48,15,31,31,7,1,99%
Garrett Crochet,BOS,SP,189.7,232,14,0,3.01,1.07,64,153,49,20,31,31,8,1,99%
Bryan Woo,SEA,SP,187.0,189,13,0,3.4,1.05,71,157,40,24,31,31,9,0,99%
Cristopher Sanchez,PHI,SP,192.0,188,13,0,3.19,1.14,68,173,47,16,31,31,8,1,99%
Logan Webb,SF,SP,197.8,188,13,0,3.27,1.17,72,186,45,15,32,31,9,1,99%
Logan Gilbert,SEA,SP,167.5,187,11,0,3.37,1.06,63,138,39,22,29,29,7,1,99%
Max Fried,NYY,SP,183.1,173,14,0,3.31,1.17,67,160,54,17,30,30,8,1,99%
Chris Sale,ATL,SP,159.5,195,11,0,3.23,1.1,57,132,43,17,27,27,6,0,99%
Jacob deGrom,TEX,SP,162.9,180,11,0,3.48,1.06,63,134,39,22,28,28,8,0,99%
Yoshinobu Yamamoto,LAD,SP,159.8,174,12,0,3.27,1.11,58,130,48,16,27,27,6,0,99%
Hunter Brown,HOU,SP,179.8,194,12,0,3.44,1.18,69,153,59,19,31,30,8,1,99%
George Kirby,SEA,SP,171.6,168,12,0,3.55,1.11,68,157,33,21,30,30,8,0,99%
Cole Ragans,KC,SP,157.0,195,11,0,3.38,1.15,59,125,56,17,28,28,7,0,98%
Framber Valdez,DET,SP,190.3,178,13,0,3.47,1.23,73,170,63,16,30,30,9,2,99%
Jesus Luzardo,PHI,SP,177.3,197,12,0,3.66,1.18,72,154,55,22,31,30,9,0,99%
Joe Ryan,MIN,SP,168.4,185,11,0,3.8,1.1,71,146,40,25,29,29,9,0,99%
Zack Wheeler,PHI,SP,141.2,161,10,0,3.27,1.08,51,115,37,16,23,23,6,0,95%
Dylan Cease,TOR,SP,170.0,200,11,0,3.67,1.21,69,142,64,20,31,30,9,0,98%
Nathan Eovaldi,TEX,SP,162.4,157,11,0,3.62,1.14,65,144,41,19,27,27,8,1,94%
Sonny Gray,BOS,SP,171.6,180,12,0,3.74,1.2,71,160,45,21,30,30,9,0,96%
Freddy Peralta,NYM,SP,165.9,184,12,0,3.78,1.2,70,137,62,22,30,30,9,0,99%
Nick Pivetta,SD,SP,169.3,183,10,0,3.91,1.16,74,145,51,26,29,29,9,0,98%
Kevin Gausman,TOR,SP,179.2,176,12,0,3.93,1.21,78,164,53,24,30,30,9,1,98%
Luis Castillo,SEA,SP,178.0,167,11,0,3.88,1.19,77,162,50,25,30,30,9,0,95%
Brandon Woodruff,MIL,SP,146.7,155,10,0,3.76,1.14,61,126,40,21,26,27,8,0,91%
Drew Rasmussen,TB,SP,155.1,140,10,0,3.64,1.17,63,140,41,18,30,30,8,0,86%
Tanner Bibee,CLE,SP,177.3,166,11,0,3.94,1.22,78,164,53,24,30,30,10,1,87%
Mason Miller,SD,RP,65.2,101,4,33,2.51,0.99,18,40,25,6,63,0,2,0,99%
Spencer Strider,ATL,SP,155.0,183,11,0,3.95,1.22,68,134,54,21,27,27,8,0,92%
Blake Snell,LAD,SP,130.4,162,10,0,3.45,1.22,50,102,57,14,23,23,6,0,94%
Ranger Suarez,BOS,SP,167.1,150,11,0,3.67,1.25,68,161,47,17,28,28,8,0,89%
Kyle Bradish,BAL,SP,142.5,153,9,0,3.6,1.19,57,123,45,16,26,27,7,0,95%
MacKenzie Gore,TEX,SP,161.2,182,10,0,3.87,1.25,69,141,61,20,29,29,9,0,88%
Matthew Boyd,CHC,SP,163.1,148,11,0,3.92,1.21,71,150,47,21,29,28,9,0,82%
Edwin Diaz,LAD,RP,65.2,90,5,37,3.04,1.06,22,47,23,7,64,0,2,0,99%
Emmet Sheehan,LAD,SP,134.5,156,9,0,3.81,1.16,57,111,45,19,34,24,6,0,86%
Michael King,SD,SP,157.6,164,10,0,3.83,1.24,67,140,56,20,28,29,8,1,88%
Tyler Glasnow,LAD,SP,130.3,152,9,0,3.64,1.18,53,105,48,16,23,23,6,0,93%
Ryan Pepiot (TB - SP) IL15,,,167.6,171,10,0,4.05,1.22,75,145,59,25,31,31,10,0,91%
Cade Smith,CLE,RP,69.3,89,5,31,2.89,1.06,22,53,21,6,70,0,3,0,99%
Shota Imanaga,CHC,SP,155.1,142,10,0,4.08,1.15,70,144,34,27,27,27,8,0,84%
Aaron Nola,PHI,SP,169.1,167,11,0,4.15,1.22,78,161,45,25,29,29,9,0,71%
Zac Gallen,ARI,SP,179.6,168,12,0,4.11,1.27,82,170,58,23,31,30,10,0,84%
Jack Flaherty,DET,SP,159.4,176,10,0,4.01,1.25,71,143,55,22,29,29,9,0,78%
Nick Lodolo,CIN,SP,152.6,155,9,0,4.03,1.19,68,141,41,21,28,28,9,1,88%
Shane McClanahan,TB,SP,127.5,136,8,0,3.62,1.17,51,110,39,16,23,23,7,0,60%
Jhoan Duran,PHI,RP,66.6,78,5,32,2.89,1.11,21,54,21,5,68,0,3,0,99%
Carlos Rodon,NYY,SP,145.4,152,10,0,3.99,1.22,64,124,53,20,26,26,8,0,74%
Eury Perez,MIA,SP,138.5,153,8,0,3.9,1.18,60,116,47,19,27,27,8,0,92%
Chase Burns,CIN,"SP,RP",117.9,141,7,0,3.62,1.16,47,101,36,15,26,21,6,1,93%
Nolan McLean,NYM,SP,150.8,146,10,0,3.82,1.28,64,134,58,16,26,26,8,0,92%
Robbie Ray,SF,SP,171.1,176,10,0,4.18,1.28,79,153,66,24,30,30,10,1,84%
Gavin Williams,CLE,SP,166.2,169,10,0,3.98,1.31,73,146,71,21,30,30,9,0,87%
Andres Munoz,SEA,RP,63.2,80,4,32,2.91,1.12,20,46,25,5,64,0,3,0,99%
Sandy Alcantara,MIA,SP,179.6,149,10,0,4.12,1.27,82,174,53,21,30,30,11,1,82%
Jose Soriano,LAA,SP,171.0,156,10,0,3.82,1.34,73,156,73,14,31,30,10,0,27%
Merrill Kelly (ARI - SP) D15,,,160.5,144,10,0,4.06,1.26,72,154,48,21,28,27,8,0,54%
Kris Bubic,KC,SP,140.9,137,9,0,3.77,1.26,59,131,47,15,30,24,7,0,60%
Edward Cabrera,CHC,SP,138.4,148,9,0,3.9,1.25,60,118,55,16,26,26,7,0,63%
Andrew Abbott,CIN,SP,167.9,153,10,0,4.2,1.26,78,159,53,26,29,29,9,1,79%
Joe Musgrove,SD,SP,140.0,133,8,0,3.93,1.2,61,131,36,19,25,25,8,0,32%
Devin Williams,NYM,RP,63.0,84,4,31,3.09,1.14,22,45,27,6,64,0,3,0,96%
Gerrit Cole,NYY,SP,123.4,125,8,0,3.85,1.17,53,108,36,17,21,21,6,1,76%
Aroldis Chapman,BOS,RP,59.8,83,4,31,3.0,1.14,20,42,26,5,62,0,3,0,98%
David Bednar,NYY,RP,63.0,76,4,33,3.25,1.12,23,49,21,7,64,0,3,0,97%
Jacob Misiorowski,MIL,SP,136.8,157,9,0,3.96,1.28,60,111,64,17,30,25,8,0,93%
Bryce Miller,SEA,SP,141.6,126,9,0,4.13,1.21,65,129,42,21,26,26,8,0,26%
Bailey Ober,MIN,SP,157.4,142,9,0,4.36,1.21,76,152,38,26,28,28,9,1,22%
Cody Ponce,TOR,"SP,RP",144.4,148,8,0,4.08,1.25,65,134,46,20,36,23,8,0,24%
David Peterson,NYM,SP,161.8,145,10,0,3.94,1.34,71,156,62,16,29,29,8,1,20%
Mitch Keller,PIT,SP,176.1,154,10,0,4.28,1.29,84,175,53,22,31,31,11,0,23%
Josh Hader (HOU - RP) IL15,,,55.0,76,4,27,3.2,1.07,20,38,21,7,54,0,3,0,91%
Shane Baz,BAL,SP,152.8,150,9,0,4.2,1.27,71,141,54,21,28,28,9,0,56%
Reynaldo Lopez,ATL,SP,132.5,134,9,0,3.96,1.27,58,121,47,16,31,23,7,0,12%
Brandon Pfaadt,ARI,SP,164.7,145,10,0,4.38,1.26,80,169,39,24,29,29,10,0,10%
Griffin Jax,TB,RP,66.1,83,4,16,3.02,1.08,22,53,19,6,67,0,3,0,72%
Brady Singer,CIN,SP,168.9,157,10,0,4.34,1.3,81,164,55,24,31,31,11,0,21%
Trey Yesavage (TOR - SP) D15,,,116.7,134,7,0,3.8,1.24,49,95,50,14,29,21,6,0,76%
Ryne Nelson,ARI,"SP,RP",156.4,129,9,0,4.19,1.26,73,154,43,21,33,27,8,0,44%
Yusei Kikuchi,LAA,SP,168.0,169,9,0,4.27,1.32,80,162,60,25,31,31,10,0,27%
Casey Mize,DET,SP,143.9,126,9,0,4.13,1.26,66,142,40,19,27,27,9,0,19%
Shane Bieber,TOR,SP,114.9,106,7,0,3.8,1.18,48,108,28,15,25,19,6,0,46%
Trevor Rogers,BAL,SP,148.8,129,9,0,4.07,1.29,67,143,48,18,27,27,8,1,83%
Reid Detmers,LAA,RP,138.0,152,8,0,4.19,1.28,64,126,51,19,32,24,8,0,18%
Sean Manaea,NYM,"SP,RP",124.1,129,7,0,4.08,1.21,56,110,39,18,36,20,6,0,17%
Raisel Iglesias,ATL,RP,64.7,69,4,27,3.62,1.14,26,56,17,8,66,0,3,0,94%
Clay Holmes,NYM,SP,153.0,125,10,0,3.95,1.35,67,148,58,14,28,27,9,0,23%
Chris Bassitt,BAL,SP,169.2,153,10,0,4.3,1.33,81,166,58,23,34,29,10,1,19%
Grant Taylor,CWS,RP,84.9,101,5,5,3.26,1.19,31,69,32,7,70,3,4,0,10%
Michael Wacha,KC,SP,166.0,129,10,0,4.32,1.29,80,165,49,22,29,29,10,0,21%
Shane Smith,CWS,SP,157.9,149,8,0,4.24,1.29,74,144,59,21,29,29,10,0,22%
Abner Uribe,MIL,RP,69.2,81,4,18,3.12,1.2,24,53,31,5,69,0,3,0,72%
Jeff Hoffman,TOR,RP,62.5,75,4,26,3.63,1.16,25,50,23,8,64,0,3,0,86%
Jack Leiter,TEX,SP,152.8,147,9,0,4.3,1.3,73,137,62,22,29,28,9,0,25%
Ryan Helsley,BAL,RP,63.0,72,4,28,3.51,1.21,25,52,23,7,62,0,3,0,84%
Cam Schlittler,NYY,SP,127.2,127,8,0,4.01,1.28,57,114,49,16,24,24,7,0,90%
Cade Horton,CHC,SP,129.6,114,8,0,4.04,1.25,58,119,43,17,24,24,7,0,67%
Joey Cantillo,CLE,"SP,RP",132.6,140,7,0,3.9,1.31,57,117,57,16,42,21,7,0,18%
Daniel Palencia,CHC,RP,64.0,73,4,30,3.65,1.24,26,53,27,7,63,0,3,0,81%
Ryan Walker,SF,RP,62.4,66,4,27,3.48,1.19,24,55,20,6,62,0,3,0,60%
Mike Burrows,HOU,"SP,RP",131.6,131,7,0,4.14,1.26,61,121,45,19,30,25,7,0,24%
Noah Cameron,KC,SP,149.9,127,9,0,4.25,1.3,71,146,49,21,27,27,9,0,27%
Kodai Senga,NYM,SP,126.1,127,8,0,3.96,1.32,56,110,55,15,29,22,7,0,37%
Zach Eflin,BAL,SP,146.9,114,9,0,4.38,1.25,72,154,29,23,31,25,9,0,7%
Braxton Ashcraft,PIT,"SP,RP",131.9,119,7,0,3.93,1.29,58,129,42,14,37,22,7,0,25%
Jameson Taillon,CHC,SP,146.3,114,9,0,4.44,1.24,72,146,36,24,26,26,9,0,9%
Bubba Chandler,PIT,SP,144.1,136,8,0,4.19,1.31,67,135,54,18,33,26,8,0,68%
Brayan Bello,BOS,SP,157.4,129,10,0,4.26,1.34,74,156,55,18,28,28,9,0,20%
Bryan Abreu,HOU,RP,67.9,90,4,9,3.18,1.17,24,51,29,7,68,0,3,0,71%
Trevor Megill,MIL,RP,62.6,77,4,17,3.41,1.17,24,51,23,7,62,0,3,0,81%
Chad Patrick,MIL,SP,140.9,133,8,0,4.34,1.28,68,133,47,22,27,26,8,0,9%
Tatsuya Imai,HOU,SP,148.2,150,8,0,4.28,1.33,70,134,64,19,26,26,8,3,68%
Grayson Rodriguez (LAA - SP) IL10,,,110.8,118,6,0,3.95,1.24,49,101,37,15,20,20,7,0,11%
Tyler Mahle,SF,SP,130.6,108,8,0,4.1,1.28,60,126,41,16,24,24,8,0,5%
Foster Griffin,WSH,RP,134.6,124,7,0,4.15,1.28,62,129,42,17,30,23,8,0,1%
Emilio Pagan,CIN,RP,65.3,72,3,27,3.95,1.18,29,55,22,10,66,0,3,0,89%
Pete Fairbanks,MIA,RP,60.2,62,3,27,3.53,1.21,24,52,21,6,60,0,3,0,83%
Slade Cecconi,CLE,SP,153.1,127,8,0,4.48,1.26,76,154,40,25,28,28,10,0,3%
Ian Seymour,TB,"SP,RP",113.8,110,6,0,4.05,1.22,51,104,35,16,38,16,6,0,18%
Hunter Greene (CIN - SP) D15,,,79.4,97,5,0,3.68,1.12,32,63,26,11,14,14,4,0,69%
Braxton Garrett (MIA - SP) MiLB,,,111.8,101,6,0,3.94,1.22,49,110,27,14,26,20,6,1,2%
Ryan Weathers,NYY,SP,116.8,111,7,0,4.07,1.26,53,107,41,16,30,20,6,0,16%
Taj Bradley,MIN,SP,139.1,132,8,0,4.33,1.3,67,132,49,19,31,25,8,0,2%
Seth Lugo,KC,SP,160.8,135,9,0,4.43,1.32,79,160,52,24,28,28,10,0,15%
Dustin May,STL,SP,147.4,131,8,0,4.32,1.31,71,138,54,18,30,25,9,0,4%
Matthew Liberatore,STL,SP,148.0,123,8,0,4.3,1.3,71,147,46,19,28,28,10,0,8%
Robert Garcia,TEX,RP,62.5,68,4,20,3.6,1.21,25,54,22,7,65,0,3,0,30%
Justin Steele,CHC,SP,85.4,80,6,0,3.58,1.18,34,78,23,9,16,15,4,0,15%
Quinn Priester,MIL,"SP,RP",126.7,105,8,0,4.11,1.3,58,123,42,15,22,22,7,0,20%
Nick Martinez,TB,"SP,RP",144.2,111,8,0,4.33,1.28,69,145,39,19,41,22,9,0,5%
Parker Messick,CLE,SP,125.0,116,7,0,4.1,1.3,57,120,43,16,23,24,8,0,13%
Jacob Lopez,ATH,SP,122.4,129,7,0,4.29,1.29,58,109,49,18,23,23,8,0,6%
Michael McGreevy,STL,SP,137.5,95,8,0,4.16,1.29,64,143,34,16,28,24,8,0,2%
Jeremiah Estrada,SD,RP,67.7,91,4,1,3.35,1.15,25,51,27,8,68,0,3,0,23%
Garrett Cleavinger,TB,RP,63.0,78,4,7,3.41,1.15,24,49,24,7,66,0,3,0,12%
Dennis Santana,PIT,RP,66.3,61,4,24,3.93,1.26,29,61,23,7,66,0,3,0,53%
Jeffrey Springs,ATH,SP,162.6,138,9,0,4.61,1.32,83,162,52,27,29,29,10,0,5%
Zebby Matthews (MIN - SP) MiLB,,,104.4,103,6,0,4.1,1.24,48,102,27,15,27,18,6,0,2%
Grant Holmes,ATL,SP,129.6,129,7,0,4.24,1.33,61,123,49,17,33,21,7,0,12%
Will Warren,NYY,SP,124.6,122,7,0,4.26,1.31,59,118,45,17,35,21,7,0,16%
Spencer Schwellenbach (ATL - SP) IL60,,,72.1,69,5,0,3.52,1.12,28,65,15,8,12,12,3,0,39%
Garrett Whitlock,BOS,RP,68.0,75,4,3,3.33,1.15,25,58,19,7,63,0,3,0,25%
Justin Verlander,DET,SP,141.5,118,8,0,4.42,1.31,69,139,46,20,26,26,8,0,8%
Adrian Morejon,SD,RP,66.8,67,5,3,3.32,1.18,25,57,21,6,67,0,4,0,17%
Max Meyer,MIA,SP,126.5,117,7,0,4.29,1.31,60,124,42,17,28,23,8,0,7%
Robert Suarez,ATL,RP,65.8,68,4,9,3.59,1.17,26,57,20,7,66,0,3,0,62%
Luis Severino,ATH,SP,168.9,135,9,0,4.57,1.34,86,172,54,24,29,29,11,0,7%
Landen Roupp,SF,SP,122.0,114,7,0,4.07,1.35,55,116,48,13,28,23,7,0,1%
Steven Matz,TB,RP,123.0,104,6,0,4.16,1.28,57,123,34,17,34,20,7,0,1%
Kenley Jansen,DET,RP,57.8,59,3,24,3.99,1.21,26,49,21,8,59,0,3,0,79%
Logan Henderson (MIL - SP) MiLB,,,92.5,95,6,0,4.14,1.22,43,83,29,14,26,16,5,0,13%
Roki Sasaki,LAD,SP,112.1,109,7,0,4.19,1.31,52,103,44,14,32,19,6,1,41%
Jose A. Ferrer,SEA,RP,67.8,64,4,3,3.25,1.17,24,60,20,5,67,0,3,0,3%
Zack Littell,WSH,SP,145.3,108,7,0,4.54,1.26,73,151,31,24,26,25,9,0,4%
Carlos Estevez,KC,RP,62.9,57,3,29,4.24,1.27,30,58,22,8,63,0,3,0,85%
Will Vest,DET,RP,66.7,67,4,6,3.4,1.2,25,59,21,6,66,0,3,0,18%
Jared Jones (PIT - SP) IL60,,,93.6,95,5,0,3.96,1.24,41,85,31,12,21,17,5,0,14%
Max Scherzer,TOR,SP,102.9,99,6,0,4.41,1.22,50,97,29,18,29,17,6,0,5%
Seranthony Dominguez,CWS,RP,61.2,69,3,20,3.89,1.29,26,51,28,8,64,0,4,0,35%
Michael Soroka,ARI,"SP,RP",93.1,93,5,3,4.12,1.26,43,84,34,12,41,11,5,0,1%
Matt Strahm,KC,RP,63.7,69,4,2,3.58,1.13,25,53,19,8,64,0,3,0,8%
Alex Vesia,LAD,RP,62.1,78,4,2,3.58,1.16,25,47,25,9,64,0,3,0,16%
Cade Cavalli,WSH,SP,133.9,114,7,0,4.29,1.35,64,133,47,16,25,25,8,0,9%
Edwin Uceta,TB,RP,59.8,72,3,11,3.73,1.19,25,49,22,8,58,0,3,0,11%
Dean Kremer (BAL - SP) MiLB,,,117.7,100,7,0,4.41,1.29,58,116,36,18,31,19,7,0,2%
Eduardo Rodriguez,ARI,SP,134.0,119,8,0,4.42,1.37,66,135,48,18,28,24,8,0,2%
Matt Brash,SEA,RP,61.7,74,3,3,3.22,1.21,22,50,24,5,62,0,3,0,9%
Tanner Scott,LAD,RP,63.3,72,4,4,3.55,1.22,25,52,25,7,63,0,3,0,10%
Gabe Speier,SEA,RP,58.5,69,3,0,3.29,1.1,21,47,17,6,63,0,3,0,6%
Cristian Javier,HOU,SP,140.0,128,8,0,4.68,1.34,73,129,58,22,26,26,9,0,5%
Simeon Woods Richardson,MIN,SP,137.0,122,7,0,4.51,1.34,69,132,51,19,30,26,8,0,1%
Adrian Houser,SF,SP,144.0,104,8,0,4.35,1.37,70,150,48,16,26,26,9,0,2%
Carmen Mlodzinski,PIT,"SP,RP",93.8,83,5,0,3.85,1.3,40,90,32,9,48,8,5,0,1%
JoJo Romero,STL,RP,61.6,58,4,12,3.66,1.29,25,56,24,6,63,0,3,0,12%
Phil Maton,CHC,RP,62.6,69,4,4,3.68,1.21,26,52,24,7,64,0,3,0,6%
Fernando Cruz,NYY,RP,59.1,80,4,2,3.61,1.23,24,45,27,7,59,0,3,0,5%
Tyler Holton,DET,"SP,RP",70.1,58,4,1,3.68,1.16,29,64,18,9,66,0,3,0,5%
Dylan Lee,ATL,RP,64.6,72,3,1,3.64,1.15,26,56,18,9,65,0,3,0,3%
Riley O'Brien,STL,RP,62.2,64,3,14,3.73,1.31,26,54,27,6,60,0,3,0,14%
Jose Alvarado,PHI,RP,58.6,67,4,3,3.46,1.24,23,49,23,6,59,0,3,0,2%
Luke Weaver,NYM,RP,65.6,70,4,5,3.97,1.21,29,58,22,9,61,0,3,0,13%
Bryan King,HOU,RP,64.6,64,4,1,3.63,1.19,26,58,19,8,66,0,3,0,4%
Camilo Doval,NYY,RP,63.5,72,4,4,3.58,1.28,25,51,30,5,64,0,3,0,8%
Chris Martin,TEX,RP,52.6,52,3,7,3.47,1.14,20,49,11,6,53,0,3,0,2%
Louis Varland,TOR,RP,66.8,66,4,2,3.73,1.21,28,61,20,8,61,0,3,0,4%
Jose Berrios,TOR,SP,109.0,91,6,0,4.4,1.29,53,107,34,17,38,15,6,0,4%
Clayton Beeter,WSH,RP,62.5,72,3,15,3.9,1.34,27,50,33,7,57,0,3,0,8%
Andrew Kittredge,BAL,RP,59.7,60,4,4,3.73,1.19,25,55,16,8,60,0,3,0,2%
Jason Adam,SD,RP,56.0,60,4,1,3.49,1.17,22,45,20,6,56,0,3,0,15%
Jared Koenig,MIL,RP,64.1,65,4,1,3.58,1.22,25,56,22,7,64,0,3,0,3%
Kevin Ginkel,ARI,RP,60.0,62,4,9,3.82,1.28,25,54,23,6,59,0,3,0,6%
Hunter Harvey,CHC,RP,51.7,56,3,4,3.41,1.13,20,44,15,5,51,0,2,0,1%
Caleb Thielbar,CHC,RP,61.8,64,4,1,3.69,1.19,25,53,20,8,65,0,3,0,1%
Orion Kerkering,PHI,RP,58.3,63,4,1,3.49,1.21,23,50,21,6,59,0,3,0,2%
Ben Brown,CHC,"SP,RP",67.4,73,4,0,3.82,1.21,29,60,22,8,42,3,4,0,1%
Cole Sands,MIN,"SP,RP",67.0,65,4,4,3.94,1.22,29,62,20,8,65,0,3,0,1%
Kumar Rocker,TEX,SP,97.8,88,5,0,4.23,1.29,46,95,32,13,30,17,6,0,1%
Luis Gil (NYY - SP) MiLB,,,102.3,101,6,0,4.36,1.34,50,87,50,14,38,14,5,0,11%
Kyle Leahy,STL,RP,117.1,97,6,0,4.29,1.35,56,116,41,14,46,16,7,0,2%
Eduard Bazardo,SEA,RP,66.4,68,3,1,3.68,1.19,27,56,23,8,65,0,3,0,2%
Tyler Rogers,TOR,RP,69.0,48,4,3,3.7,1.21,28,68,15,7,71,0,3,0,20%
Aaron Civale,ATH,"SP,RP",126.0,108,7,0,4.71,1.32,66,126,40,21,24,23,8,0,1%
Shawn Armstrong,CLE,RP,66.9,66,3,3,3.8,1.2,28,60,21,8,66,0,3,0,3%
Kyle Harrison,MIL,"SP,RP",95.8,95,5,0,4.26,1.32,45,88,38,13,27,17,5,0,6%
Drew Anderson,DET,RP,76.5,84,4,0,4.02,1.27,34,66,32,9,46,5,4,0,0%
Bryan Baker,TB,RP,63.3,71,3,2,3.84,1.2,27,53,23,8,64,0,3,0,1%
Lucas Erceg,KC,RP,63.4,60,4,5,3.77,1.28,27,57,24,6,63,0,4,0,6%
Kirby Yates,LAA,RP,55.9,67,3,11,4.02,1.28,25,45,26,8,57,0,3,0,11%
Davis Martin,CWS,SP,149.3,116,7,0,4.62,1.36,77,151,52,21,28,28,10,0,0%
Taylor Rogers,MIN,RP,58.2,61,3,16,4.12,1.34,27,53,25,7,60,0,3,0,2%
Robert Gasser (MIL - SP) MiLB,,,72.9,68,4,0,3.96,1.24,32,67,23,9,33,9,4,0,1%
Steven Okert,HOU,RP,62.6,71,3,0,3.85,1.19,27,52,23,9,64,0,3,0,1%
Yimi Garcia,TOR,RP,53.2,59,3,4,3.73,1.19,22,44,19,7,53,0,3,0,1%
Kyle Finnegan,DET,RP,63.3,60,4,4,3.92,1.27,28,58,22,7,63,0,3,0,8%
Hunter Barco,PIT,"SP,RP",88.6,82,5,0,4.13,1.34,41,82,37,10,34,12,4,0,1%
Bryce Elder,ATL,SP,117.4,96,7,0,4.53,1.37,59,121,39,15,25,20,7,0,1%
Johan Oviedo,BOS,SP,95.9,92,5,0,4.3,1.34,46,87,41,12,32,15,5,0,3%
Hunter Gaddis,CLE,RP,63.4,61,3,3,3.89,1.21,27,57,20,9,61,0,3,0,9%
Aaron Ashby,MIL,RP,74.1,76,4,1,3.73,1.36,31,65,36,6,59,2,4,0,1%
Matt Svanson,STL,RP,63.5,59,3,6,3.73,1.29,26,58,24,6,58,0,3,0,4%
Brad Lord,WSH,"SP,RP",94.7,75,5,3,4.32,1.33,45,94,32,11,49,10,6,0,0%
Kutter Crawford,BOS,SP,73.4,70,4,0,4.26,1.22,35,68,21,12,39,6,4,0,0%
Keegan Akin,BAL,"SP,RP",65.5,66,4,2,4.02,1.27,29,59,24,9,64,0,3,0,1%
Mark Leiter Jr.,ATH,RP,62.0,67,4,6,4.13,1.31,28,57,24,8,63,0,4,0,1%
A.J. Minter,NYM,RP,48.5,54,3,1,3.46,1.17,19,40,17,5,49,0,2,0,1%
Tyler Wells,BAL,SP,68.5,62,4,0,4.27,1.18,32,63,18,12,43,4,4,0,1%
Richard Fitts (STL - SP) MiLB,,,118.0,91,6,0,4.53,1.34,59,120,38,17,30,21,7,0,0%
Robby Snelling (MIA - SP) MiLB,,,85.8,76,5,0,4.14,1.34,39,84,31,11,16,16,5,0,4%
Andre Pallante,STL,SP,130.1,91,7,0,4.34,1.41,63,134,50,13,29,23,9,0,0%
Paul Sewald,ARI,RP,57.2,57,3,12,4.42,1.25,28,52,19,9,58,0,3,0,11%
"Joe Boyle (TB - SP,RP) MiLB",,,79.8,88,4,0,4.06,1.35,36,65,43,9,27,12,5,0,1%
Cody Bradford,TEX,SP,67.8,58,4,0,4.19,1.19,32,65,16,10,31,8,4,0,0%
Ryan Weiss,HOU,SP,82.9,80,5,0,4.31,1.32,40,77,32,11,37,9,5,0,0%
Luis Morales,ATH,SP,114.0,101,6,0,4.58,1.36,58,108,46,18,27,20,7,0,1%
Janson Junk,MIA,"SP,RP",89.0,65,5,0,4.31,1.28,43,94,20,11,38,11,5,0,0%
Anthony Kay,CWS,"SP,RP",132.3,110,6,0,4.5,1.39,66,132,53,18,36,21,9,1,1%
Justin Sterner,ATH,RP,64.9,66,3,7,4.26,1.26,31,58,24,10,62,0,3,0,3%
Sean Burke,CWS,"SP,RP",141.0,133,7,0,4.78,1.4,75,136,62,23,26,26,10,0,2%
Graham Ashcraft,CIN,RP,64.1,58,4,2,3.83,1.3,27,62,22,7,59,0,3,0,1%
Drew Pomeranz,LAA,"SP,RP",56.5,61,3,3,3.89,1.23,24,50,20,7,59,0,3,0,2%
Gregory Soto,PIT,RP,60.4,65,3,4,3.8,1.3,25,54,25,5,64,0,3,0,1%
Brandon Sproat,MIL,SP,87.5,74,5,0,4.23,1.33,41,83,34,10,29,14,5,0,3%
Miles Mikolas,WSH,SP,144.3,95,7,0,4.81,1.32,77,157,33,24,27,27,10,0,0%
Chris Paddack,MIA,"SP,RP",131.0,99,6,0,4.76,1.32,69,139,34,22,31,23,8,0,1%
Jacob Latz,TEX,"SP,RP",101.3,97,5,0,4.35,1.38,49,91,49,13,44,11,5,0,1%
Blake Treinen,LAD,RP,53.5,60,4,1,3.88,1.26,23,47,21,7,54,0,3,0,1%
Andrew Nardi,MIA,RP,53.7,65,3,0,3.72,1.23,22,45,21,6,55,0,3,0,0%
Ryan Thompson,ARI,RP,61.7,51,4,4,3.92,1.29,27,61,19,6,62,0,3,0,0%
Ben Joyce,LAA,RP,47.0,53,2,10,3.73,1.27,19,38,21,5,46,0,2,0,1%
Brooks Raley,NYM,RP,56.6,57,3,1,3.77,1.22,24,49,20,6,59,0,3,0,1%
Justin Slaten,BOS,RP,59.8,56,4,1,3.93,1.26,26,55,20,7,57,0,3,0,0%
Rhett Lowder,CIN,SP,113.4,88,6,0,4.56,1.35,57,117,37,16,28,20,7,0,3%
Jordan Leasure,CWS,RP,63.2,71,3,5,4.18,1.29,29,53,28,9,65,0,4,0,1%
Lucas Giolito (SP) FA,,,111.4,100,6,0,4.63,1.37,57,109,44,17,22,20,7,0,2%
Victor Vodnik,COL,RP,62.9,60,3,19,4.31,1.46,30,62,30,7,61,0,4,0,4%
Angel Zerpa,MIL,RP,59.6,55,3,0,3.66,1.26,24,55,20,6,60,0,3,0,0%
Aaron Bummer,ATL,RP,59.9,62,3,0,3.65,1.3,24,56,22,5,57,0,3,0,0%
Andrew Painter,PHI,SP,111.5,97,6,0,4.66,1.37,58,113,41,17,29,20,7,0,23%
Griffin Canning,SD,SP,97.8,86,5,0,4.48,1.35,49,95,37,15,27,17,6,0,0%
Brad Keller,PHI,RP,66.6,61,4,2,4.02,1.33,30,62,27,7,61,0,3,0,8%
Tanner Banks,PHI,RP,62.2,58,3,0,3.95,1.23,27,59,18,8,61,0,3,0,1%
Colin Rea,CHC,"SP,RP",82.4,65,5,0,4.44,1.3,41,83,24,12,37,8,4,0,1%
Erik Miller,SF,RP,59.2,64,3,2,3.64,1.36,24,49,31,5,60,0,3,0,0%
Jakob Junis,TEX,RP,63.0,54,3,0,4.06,1.21,28,60,16,8,57,0,3,0,0%
Tony Santillan,CIN,RP,68.0,72,3,4,4.2,1.33,32,60,30,9,69,0,3,0,8%
Calvin Faucher,MIA,RP,63.1,63,3,6,4.06,1.35,28,59,27,7,64,0,4,0,1%
Eric Lauer,TOR,"SP,RP",66.6,62,4,0,4.3,1.27,32,63,22,10,41,4,4,0,4%
Tobias Myers,NYM,"SP,RP",66.2,56,4,0,4.14,1.28,30,65,20,9,43,4,3,0,0%
Jordan Romano,LAA,RP,56.9,61,3,5,4.28,1.28,27,51,22,8,57,0,3,0,1%
J.T. Ginn,ATH,"SP,RP",73.3,68,4,0,4.23,1.32,35,71,26,9,29,10,4,0,0%
Tyler Kinley,ATL,RP,61.9,67,3,1,4.1,1.29,28,54,26,8,63,0,3,0,0%
Brant Hurter,DET,"SP,RP",53.8,48,3,0,3.72,1.24,22,50,17,5,45,0,3,0,1%
Tommy Nance,TOR,RP,55.5,53,3,0,3.79,1.26,23,52,17,6,53,0,3,0,0%
Mason Montgomery,PIT,RP,61.0,66,3,1,3.96,1.32,27,55,26,7,58,0,3,0,1%
Erik Sabrowski,CLE,RP,59.2,72,3,1,3.89,1.36,26,47,34,6,58,0,3,0,1%
Spencer Arrighetti (HOU - SP) MiLB,,,90.7,90,5,0,4.6,1.37,46,84,40,14,25,15,6,0,1%
A.J. Puk (ARI - RP) IL60,,,34.8,40,2,5,3.41,1.16,13,29,11,4,34,0,1,0,1%
Hoby Milner,CHC,RP,61.3,52,3,0,3.85,1.27,26,60,18,6,62,0,3,0,0%
Kody Funderburk,MIN,RP,61.2,58,3,3,3.89,1.34,26,57,25,5,58,0,3,0,0%
Greg Weissert,BOS,RP,64.3,57,4,1,4.17,1.31,30,62,23,8,65,0,3,0,1%
Braydon Fisher,TOR,RP,51.2,58,3,0,3.8,1.28,22,42,23,6,51,0,2,0,1%
Logan Allen (CLE - SP) MiLB,,,113.5,91,6,0,4.54,1.41,57,116,44,16,25,20,8,0,0%
Jack Dreyer,LAD,"SP,RP",52.2,51,3,0,3.85,1.24,22,46,19,6,51,0,2,0,2%
Mick Abel,MIN,SP,114.7,104,6,0,4.64,1.42,59,111,52,15,29,21,7,0,8%
Mason Englert,TB,RP,60.0,56,3,0,4.07,1.25,27,57,18,8,53,0,3,0,0%
Matt Festa,CLE,RP,59.2,58,3,0,4.06,1.26,27,53,22,7,60,0,3,0,0%
Lance McCullers Jr.,HOU,SP,99.5,96,6,0,4.55,1.44,50,94,49,13,27,18,6,0,1%
Yennier Cano,BAL,RP,58.3,54,3,1,3.83,1.31,25,55,21,6,61,0,3,0,0%
Hogan Harris,ATH,RP,66.2,64,3,10,4.37,1.4,32,61,31,8,57,0,3,0,2%
Brendon Little,TOR,RP,53.6,58,3,0,3.55,1.36,21,45,28,4,56,0,2,0,3%
Justin Topa,MIN,RP,61.9,51,3,5,4.05,1.33,28,63,20,6,61,0,3,0,0%
Anthony Bender,MIA,RP,58.7,55,3,1,3.92,1.3,26,54,23,6,60,0,3,0,1%
Patrick Sandoval,BOS,SP,77.8,71,4,0,4.11,1.39,36,75,33,8,38,9,4,0,0%
Sean Newcomb,CWS,"SP,RP",67.9,64,3,1,4.0,1.35,30,63,28,7,55,1,3,0,0%
Brusdar Graterol,LAD,RP,41.2,34,3,0,3.45,1.19,16,38,12,3,40,0,1,0,0%
Danny Coulombe,BOS,RP,50.3,49,3,0,3.81,1.26,21,45,18,6,54,0,2,0,0%
Jose Butto,SF,"SP,RP",63.9,58,3,2,4.05,1.33,29,58,27,7,58,0,3,0,1%
John Schreiber,KC,RP,62.4,58,3,1,4.12,1.3,29,58,23,8,66,0,3,0,1%
Jake Bird,NYY,RP,54.9,57,3,0,3.95,1.3,24,48,23,6,52,0,3,0,0%
Pierce Johnson,CIN,RP,60.2,66,3,1,4.24,1.31,28,55,24,9,61,0,3,0,0%
Corbin Burnes (ARI - SP) IL60,,,44.2,40,3,0,3.68,1.22,18,40,14,5,7,7,2,0,26%
Bennett Sousa,HOU,RP,41.2,45,2,1,3.58,1.19,16,35,14,5,38,0,2,0,1%
Justin Wrobleski,LAD,RP,60.9,56,4,0,4.27,1.31,29,59,21,8,35,4,3,0,1%
Tyler Alexander,TEX,"SP,RP",69.2,58,4,1,4.56,1.28,35,70,19,11,53,2,4,0,0%
Jake Irvin,WSH,SP,122.1,90,6,0,4.85,1.36,66,126,40,20,31,20,8,0,0%
"Troy Melton (DET - SP,RP) IL60",,,55.8,51,3,0,4.08,1.26,25,52,18,8,31,5,3,0,2%
PJ Poulin,WSH,RP,56.7,56,3,2,4.02,1.34,25,52,24,6,57,0,3,0,0%
Payton Tolle,BOS,"SP,RP",49.8,52,3,0,4.1,1.25,23,45,17,7,23,6,3,0,4%
David Morgan,SD,RP,58.6,60,3,0,4.11,1.31,27,52,25,7,55,0,3,0,0%
Tim Herrin,CLE,RP,52.9,54,3,0,3.85,1.33,23,46,25,5,56,0,3,0,0%
Connelly Early,BOS,SP,44.7,45,3,0,3.72,1.28,18,40,17,4,15,7,2,0,21%
Nick Mears,KC,RP,59.7,58,3,0,4.16,1.3,28,55,23,7,61,0,3,0,0%
Elvis Alvarado,ATH,RP,59.7,63,3,3,4.23,1.37,28,52,29,8,57,0,3,0,0%
Jovani Moran,BOS,RP,47.0,51,3,0,3.82,1.32,20,42,20,5,45,0,2,0,0%
Jimmy Herget,COL,RP,74.5,68,3,2,4.46,1.33,37,75,24,11,68,0,4,0,0%
Wandy Peralta,SD,RP,58.1,50,3,0,3.85,1.34,25,53,24,6,60,0,3,0,0%
Jonathan Bowlan,PHI,RP,55.8,53,3,0,4.14,1.29,26,53,19,8,50,0,3,0,0%
Grant Anderson,MIL,RP,57.3,58,3,0,4.18,1.31,27,52,22,8,56,0,3,0,0%
Cooper Criswell,SEA,RP,60.5,50,3,0,4.08,1.3,27,59,19,7,41,3,3,0,0%
Joel Payamps,ATL,RP,52.2,49,3,0,4.11,1.27,24,50,16,7,53,0,2,0,0%
Brenan Hanifee,DET,RP,58.6,44,3,0,3.95,1.3,26,59,17,6,55,0,3,0,0%
Jonathan Loaisiga (ARI - RP) MiLB,,,51.1,42,3,2,3.95,1.31,22,51,16,5,51,0,2,0,0%
David Festa,MIN,SP,51.4,52,3,0,4.17,1.28,24,48,18,7,21,7,3,0,0%
Emerson Hancock,SEA,"SP,RP",68.5,54,4,0,4.42,1.32,34,68,23,10,35,7,3,0,0%
Brock Burke,CIN,RP,61.9,56,3,0,4.21,1.31,29,60,21,8,63,0,3,0,0%
Enyel De Los Santos,HOU,RP,59.4,57,3,0,4.32,1.29,29,55,22,9,59,0,3,0,0%
Robert Stephenson,LAA,RP,34.6,39,2,4,3.99,1.18,15,30,11,5,33,0,2,0,1%
Ryne Stanek,STL,RP,56.7,57,3,3,4.26,1.36,27,51,26,7,60,0,4,0,0%
Isaac Mattson,PIT,RP,62.2,60,3,2,4.25,1.36,29,56,28,8,59,0,3,0,0%
Ryan Yarbrough,NYY,"SP,RP",62.5,50,3,0,4.36,1.26,30,60,19,9,42,2,3,0,1%
Cole Sulser,TB,RP,52.2,48,3,0,4.11,1.29,24,49,19,7,49,0,3,0,0%
Scott Barlow,ATH,RP,56.6,60,3,3,4.27,1.38,27,49,29,6,59,0,3,0,0%
Hunter Dobbins,STL,SP,83.7,62,4,0,4.43,1.36,41,86,28,10,25,13,5,0,0%
Kevin Kelly,TB,RP,44.9,39,2,0,3.86,1.19,19,43,11,5,44,0,3,0,0%
Eric Orze,MIN,RP,58.4,58,3,1,4.17,1.36,27,53,26,7,55,0,3,0,0%
Dietrich Enns,BAL,"SP,RP",61.1,56,3,0,4.2,1.33,29,61,21,8,50,1,3,0,0%
Brent Headrick,NYY,RP,47.5,49,2,0,4.03,1.23,21,43,16,7,42,0,2,0,0%
Jalen Beeks,TEX,RP,54.8,48,3,0,4.0,1.33,24,51,22,6,56,0,3,0,0%
Jacob Webb,CHC,RP,54.4,51,3,0,4.26,1.29,26,49,22,7,54,0,3,0,1%
Randy Vasquez,SD,SP,130.1,88,7,0,4.85,1.41,70,136,47,19,30,24,8,0,1%
Luis Garcia,NYM,RP,57.2,51,3,0,4.01,1.35,25,55,22,6,57,0,3,0,0%
Taylor Clarke,ARI,RP,58.6,48,3,1,4.32,1.29,28,59,17,8,56,0,3,0,0%
Josh White (MIA - RP) MiLB,,,43.3,45,3,0,3.96,1.3,19,38,18,5,41,0,2,0,0%
Justin Lawrence,PIT,RP,56.6,56,3,1,4.08,1.38,26,52,27,5,54,0,3,0,0%
Caleb Ferguson,CIN,RP,52.1,49,3,0,4.09,1.32,24,49,20,6,54,0,3,0,0%
Spencer Bivens,SF,RP,68.7,52,3,0,4.17,1.34,32,70,22,8,61,0,3,0,0%
Trevor McDonald,SF,"SP,RP",69.6,54,4,0,4.33,1.37,33,70,25,8,26,9,4,0,0%
Javier Assad (CHC - SP) MiLB,,,65.3,53,3,0,4.18,1.34,30,63,25,8,40,4,3,0,0%
Yohan Ramirez,PIT,RP,52.2,53,3,0,4.14,1.34,24,48,22,5,49,0,3,0,0%
Huascar Brazoban,NYM,"SP,RP",52.6,50,3,0,4.07,1.34,24,47,23,6,49,0,2,0,1%
Cole Winn,TEX,RP,63.2,54,3,4,4.36,1.38,31,58,29,8,56,0,3,0,0%
Yoendrys Gomez,TB,"SP,RP",53.6,53,3,0,4.33,1.31,26,48,22,8,36,3,3,0,0%
Ryan Zeferjahn,LAA,RP,59.9,67,3,1,4.41,1.38,29,52,31,9,60,0,3,0,0%
Casey Legumina,SEA,RP,48.4,47,3,0,4.18,1.31,22,44,19,6,47,0,3,0,0%
Justin Bruihl,STL,RP,49.7,45,3,0,4.05,1.33,22,47,19,5,50,0,3,0,0%
DL Hall,MIL,"SP,RP",52.9,50,3,0,4.12,1.35,24,48,24,6,45,0,2,0,0%
Jordan Hicks,CWS,"SP,RP",61.3,56,3,1,4.19,1.39,29,58,27,6,56,0,4,0,0%
Keaton Winn,SF,"SP,RP",47.9,42,3,0,4.15,1.3,22,47,15,6,34,2,2,0,0%
Carlos Vargas,SEA,RP,55.7,43,3,0,4.1,1.33,25,55,20,6,55,0,3,0,0%
Stephen Kolek,KC,SP,68.5,48,4,0,4.34,1.37,33,72,22,7,30,8,4,0,0%
Ben Casparius,LAD,"SP,RP",57.5,54,3,0,4.42,1.32,28,54,22,8,49,0,3,0,1%
Juan Mejia,COL,RP,64.1,66,3,3,4.48,1.41,32,61,30,8,63,0,3,0,0%
Anthony Banda,MIN,RP,56.3,55,3,1,4.32,1.37,27,52,25,7,56,0,3,0,0%
Brent Suter,LAA,"SP,RP",63.4,50,3,0,4.38,1.32,31,65,19,9,59,0,3,0,0%
Paul Blackburn,NYY,"SP,RP",60.1,50,3,0,4.44,1.31,30,60,19,8,45,3,3,0,0%
Lake Bachar,MIA,RP,51.3,51,3,0,4.31,1.34,25,47,22,7,49,0,3,0,0%
Ryan Johnson,LAA,RP,55.6,51,3,0,4.34,1.34,27,56,18,8,26,7,3,0,0%
Jack Perkins (ATH - RP) MiLB,,,43.9,42,2,0,3.93,1.28,19,38,18,5,26,3,2,0,0%
Tim Hill,NYY,RP,64.2,37,3,0,4.09,1.34,29,67,19,6,64,0,3,0,0%
Connor Prielipp (MIN - SP) MiLB,,,48.2,45,3,0,4.17,1.35,22,47,19,6,30,4,3,0,0%
Tyler Phillips,MIA,RP,67.1,50,3,2,4.38,1.37,33,69,23,8,59,0,3,0,0%
Mason Fluharty,TOR,RP,42.7,44,2,0,3.99,1.29,19,37,18,5,43,0,2,0,0%
Sam Moll,CIN,RP,46.5,46,3,0,4.21,1.35,22,42,20,5,48,0,2,0,0%
Matt Pushard,STL,RP,51.3,45,3,0,4.25,1.34,24,49,20,7,49,0,3,0,0%
Hayden Harris (ATL - RP) MiLB,,,40.3,45,2,0,3.95,1.3,18,35,18,5,40,0,2,0,0%
Cole Henry,WSH,RP,61.9,59,2,12,4.78,1.44,33,57,33,9,63,0,3,0,1%
Alex Lange,KC,RP,47.1,50,3,0,4.06,1.41,21,41,25,5,47,0,2,0,0%
Josiah Gray (WSH - SP) IL60,,,95.3,82,5,0,4.94,1.4,52,94,40,16,18,17,7,0,0%
Chase Silseth,LAA,RP,55.8,54,3,0,4.32,1.38,27,51,27,7,49,0,3,0,0%
Jonah Tong (NYM - SP) MiLB,,,30.7,34,2,0,3.59,1.25,12,25,13,3,11,5,2,0,4%
Sam Hentges,SF,RP,33.8,33,2,0,3.58,1.27,13,31,12,3,33,0,1,0,0%
"Zack Kelly (BOS - SP,RP) MiLB",,,55.1,53,3,0,4.32,1.38,26,50,26,7,52,0,3,0,0%
Josh Sborz (TEX - RP) NRI,,,48.3,49,2,0,4.14,1.32,22,44,20,6,47,0,3,0,0%
Luis Medina,ATH,SP,67.8,61,4,0,4.59,1.41,35,65,31,9,36,6,4,0,0%
Adbert Alzolay (NYM - RP) MiLB,,,42.1,40,2,0,4.15,1.25,19,39,14,6,40,0,2,0,8%
Connor Phillips,CIN,RP,57.1,60,3,1,4.53,1.39,29,50,29,8,51,0,3,0,0%
Kai-Wei Teng,HOU,"SP,RP",49.0,49,3,0,4.34,1.36,24,45,22,6,35,3,3,0,0%
Daniel Lynch,KC,RP,59.3,45,3,0,4.35,1.34,29,60,19,8,53,0,3,0,0%
Matt Gage,SF,RP,52.8,45,2,0,4.01,1.34,24,52,19,5,51,0,2,0,0%
JP Sears (SD - SP) MiLB,,,48.9,41,3,0,4.57,1.27,25,48,14,9,20,6,3,0,0%
Bailey Falter,KC,SP,69.2,50,4,0,4.68,1.35,36,70,23,11,41,5,4,0,0%
Hurston Waldrep (ATL - SP) IL60,,,58.5,50,4,0,4.41,1.42,29,57,26,7,11,11,4,0,3%
Kyle Freeland,COL,SP,161.4,118,7,0,5.06,1.42,91,186,43,26,29,29,12,0,1%
Andrew Hoffmann,ARI,RP,51.7,47,3,0,4.28,1.37,25,51,20,6,47,0,3,0,0%
Evan Phillips (LAD - RP) IL60,,,24.8,26,2,0,3.48,1.16,10,21,8,3,26,0,1,0,1%
Austin Warren (NYM - RP) MiLB,,,41.3,38,3,0,4.3,1.31,20,39,15,6,38,0,2,0,0%
Ryan Borucki,SF,RP,42.3,41,2,0,3.93,1.32,18,38,17,5,43,0,2,0,0%
Hunter Bigge (TB - RP) MiLB,,,47.7,49,2,0,4.17,1.33,22,43,20,7,45,0,2,0,0%
Ryan Brasier (RP) FA,,,38.2,33,2,0,4.03,1.23,17,36,11,5,37,0,2,0,0%
"Brandon Eisert (CWS - SP,RP) MiLB",,,48.2,47,2,0,4.22,1.31,23,46,17,7,47,0,3,0,0%
Brock Stewart,LAD,RP,33.2,38,2,0,3.97,1.26,15,28,14,4,34,0,1,0,0%
Cade Gibson (MIA - RP) MiLB,,,52.8,42,3,0,4.17,1.38,24,52,21,5,45,0,3,0,0%
Yuki Matsui,SD,RP,47.4,48,2,0,4.18,1.33,22,42,22,6,47,0,2,0,0%
Connor Brogdon,CLE,RP,50.9,51,3,0,4.54,1.35,26,48,21,8,49,0,3,0,0%
Luis Garcia (SP) FA,,,35.7,36,2,0,4.1,1.24,16,32,12,5,21,4,2,0,4%
Jose Suarez,ATL,RP,49.1,47,2,0,4.24,1.32,23,48,17,6,35,2,3,0,0%
Dauri Moreta (RP) FA,,,27.8,34,2,0,3.87,1.23,12,21,13,3,28,0,1,0,0%
Justin Wilson (RP) FA,,,33.5,35,2,0,3.91,1.27,15,30,12,4,34,0,2,0,0%
Didier Fuentes,ATL,SP,43.1,41,3,0,4.47,1.32,21,42,15,7,28,4,3,0,6%
Colin Selby (BAL - RP) IL60,,,39.2,41,2,0,4.01,1.32,17,35,17,5,37,0,2,0,0%
Craig Yoho,MIL,RP,34.2,37,2,0,3.85,1.31,15,29,16,4,34,0,2,0,0%
Bradgley Rodriguez,SD,RP,44.6,41,3,0,4.17,1.39,21,41,21,5,43,0,2,0,0%
Christian Scott (NYM - SP) MiLB,,,33.1,31,2,0,4.05,1.22,15,31,10,5,19,3,2,0,1%
Ryan Fernandez (STL - RP) MiLB,,,44.6,46,2,0,4.12,1.35,20,40,20,5,42,0,2,0,0%
Rob Zastryzny,MIL,RP,44.9,41,2,0,4.17,1.31,21,42,17,6,46,0,2,0,0%
Brandon Williamson,CIN,SP,76.1,64,4,0,4.82,1.39,41,76,29,12,28,10,5,0,1%
"Keider Montero (DET - SP,RP) MiLB",,,54.6,46,3,0,4.51,1.35,27,55,19,8,26,4,3,0,0%
Will Klein,LAD,RP,51.7,57,3,0,4.33,1.45,25,45,30,6,50,0,3,0,0%
Yaramil Hiraldo,BAL,RP,34.0,36,2,0,4.13,1.26,16,31,12,5,33,0,1,0,0%
Michael Kelly,ATH,RP,58.0,50,3,3,4.61,1.41,30,57,25,8,56,0,3,0,0%
Dylan Dodd (ATL - RP) MiLB,,,41.2,35,2,0,4.2,1.28,19,42,11,6,37,0,2,0,0%
Julian Fernandez (WSH - RP) MiLB,,,35.1,35,2,0,4.12,1.28,16,32,13,5,34,0,2,0,0%
Jordan Montgomery (TEX - SP) IL60,,,48.4,38,3,0,4.47,1.34,24,49,16,6,15,7,3,0,0%
Bryan Hudson,NYM,RP,33.4,33,2,0,3.92,1.31,15,29,14,4,32,0,2,0,0%
Edgardo Henriquez,LAD,RP,42.6,46,2,0,4.22,1.36,20,38,20,5,43,0,2,0,0%
Shane Drohan (MIL - SP) MiLB,,,36.7,37,2,0,4.1,1.32,17,33,16,5,23,3,2,0,0%
JT Brubaker,SF,RP,56.0,47,2,0,4.34,1.35,27,55,21,7,48,0,3,0,0%
Roddery Munoz,HOU,RP,51.4,52,3,0,4.63,1.39,26,47,24,8,44,0,3,0,0%
Andre Granillo,WSH,RP,42.7,42,2,1,4.35,1.34,21,38,19,6,39,0,2,0,0%
Evan Sisk (PIT - RP) MiLB,,,37.8,37,2,0,3.9,1.37,16,35,17,4,37,0,2,0,0%
Yosver Zulueta (SEA - RP) MiLB,,,30.7,32,2,0,3.81,1.33,13,26,15,3,29,0,1,0,0%
Taijuan Walker,PHI,"SP,RP",115.9,81,6,0,5.0,1.43,64,123,43,19,39,17,7,0,1%
Marcus Stroman (SP) FA,,,59.0,43,4,0,4.53,1.43,30,61,24,6,13,11,4,0,0%
Rico Garcia,BAL,RP,51.8,53,2,0,4.44,1.37,26,48,23,8,49,0,2,0,0%
Clarke Schmidt (NYY - SP) IL60,,,28.0,26,2,0,3.95,1.24,12,25,10,4,12,4,1,0,2%
Richard Lovelady,NYM,RP,34.6,31,2,0,4.09,1.29,16,33,12,4,34,0,2,0,0%
Andrew Alvarez (WSH - SP) MiLB,,,67.5,49,3,0,4.42,1.41,33,69,26,8,28,9,4,0,0%
Kyle Backhus,PHI,RP,45.5,44,2,0,4.32,1.35,22,43,19,6,47,0,3,0,0%
Steven Cruz (KC - RP) MiLB,,,41.4,38,2,0,4.18,1.34,19,38,18,4,41,0,2,0,0%
Easton McGee,MIL,RP,34.0,29,2,0,4.08,1.28,15,33,11,4,31,0,1,0,0%
Tyler Ferguson (ATH - RP) MiLB,,,47.7,47,2,0,4.29,1.38,23,42,24,5,46,0,3,0,0%
Nick Sandlin (LAA - RP) MiLB,,,40.1,41,2,0,4.37,1.33,19,35,18,6,41,0,2,0,0%
Colin Holderman,CLE,RP,42.2,40,2,0,4.21,1.36,20,40,18,5,42,0,2,0,0%
Gordon Graceffo (STL - RP) MiLB,,,53.3,43,2,0,4.36,1.35,26,55,18,6,44,0,3,0,0%
Andrew Walters,CLE,RP,30.6,36,2,0,4.1,1.34,14,25,15,4,31,0,2,0,0%
Nate Pearson,HOU,RP,45.7,46,2,0,4.4,1.36,22,42,20,6,43,0,2,0,0%
Andrew Chafin (RP) FA,,,37.3,40,2,0,4.08,1.39,17,33,18,4,37,0,2,0,0%
Jose Urquidy,PIT,RP,72.2,55,3,0,4.84,1.35,39,74,23,11,27,10,5,0,0%
"Jonathan Cannon (CWS - SP,RP) MiLB",,,95.3,71,4,0,4.9,1.4,52,100,34,15,33,13,6,0,0%
Michael Lorenzen,COL,"SP,RP",143.2,114,6,0,5.1,1.44,81,154,52,24,26,26,10,0,1%
Grant Wolfram,BAL,RP,41.7,40,2,0,4.16,1.38,19,39,18,5,40,0,2,0,0%
Chris Murphy,CWS,RP,50.3,46,2,0,4.29,1.39,24,46,23,6,44,0,3,0,0%
Travis Adams,MIN,"SP,RP",53.6,43,3,0,4.6,1.38,27,55,19,7,35,2,3,0,0%
Ethan Roberts (CHC - RP) MiLB,,,36.7,36,2,0,4.28,1.33,17,34,15,5,35,0,2,0,0%
Patrick Corbin (SP) FA,,,77.7,62,4,0,4.86,1.42,42,84,26,12,16,14,5,0,0%
Kyle Hurt (LAD - RP) MiLB,,,39.3,42,2,0,4.27,1.38,19,36,18,5,21,4,2,0,0%
Zak Kent,MIN,RP,45.3,44,2,0,4.28,1.39,22,42,21,5,42,0,2,0,0%
George Soriano,STL,RP,47.1,44,2,0,4.42,1.36,23,45,19,6,42,0,2,0,0%
Jose Leclerc (SD - RP) MiLB,,,30.7,34,2,0,4.19,1.33,14,26,14,4,30,0,1,0,0%
Tyler Anderson (SP) FA,,,80.1,63,4,0,4.86,1.42,43,81,32,13,16,14,6,0,0%
Kyle Hart,SD,"SP,RP",43.7,38,2,0,4.4,1.33,21,42,16,6,36,1,2,0,0%
Liam Hendriks (RP) FA,,,28.4,29,2,1,4.23,1.31,13,26,11,4,28,0,2,0,0%
Gregory Santos (SF - RP) MiLB,,,33.3,29,2,1,3.91,1.39,14,32,14,3,30,0,1,0,0%
Erick Fedde,CWS,"SP,RP",109.5,80,5,0,4.97,1.43,60,113,43,17,24,19,7,0,0%
Ron Marinaccio,SD,RP,40.5,39,2,0,4.36,1.35,20,37,18,5,38,0,2,0,0%
Mitchell Parker (WSH - SP) MiLB,,,47.9,37,3,0,4.6,1.37,24,49,16,7,27,4,3,0,0%
Brady Basso (ATH - RP) MiLB,,,32.4,29,2,0,4.16,1.31,15,31,11,4,29,0,1,0,0%
Joe Jimenez (ATL - RP) IL60,,,22.1,26,1,0,3.68,1.17,9,19,7,2,22,0,1,0,0%
Jedixson Paez,CWS,SP,44.8,35,2,0,4.42,1.32,22,46,13,6,41,0,2,0,0%
Brennan Bernardino,COL,"SP,RP",55.6,50,3,0,4.5,1.45,28,56,25,6,57,0,3,0,0%
Porter Hodge,CHC,RP,32.1,35,2,0,4.11,1.38,15,27,17,4,31,0,2,0,0%
Jon Gray (RP) FA,,,45.2,40,2,0,4.53,1.33,23,45,15,7,10,8,3,0,0%
Hayden Wesneski,HOU,SP,25.7,24,2,0,4.2,1.24,12,24,8,4,17,2,1,0,0%
DJ Herz (WSH - SP) IL60,,,27.4,30,2,0,4.07,1.34,12,23,13,3,19,2,2,0,0%
Jose Fermin (LAA - RP) MiLB,,,37.4,40,2,0,4.37,1.37,18,33,19,6,38,0,2,0,0%
Yerry De los Santos (NYY - RP) MiLB,,,37.4,30,2,0,4.13,1.35,17,36,14,4,35,0,2,0,0%
Justin Martinez (ARI - RP) IL60,,,20.8,25,1,1,3.28,1.29,8,16,11,1,20,0,1,0,1%
Jose Castillo (RP) FA,,,21.0,22,2,0,3.64,1.31,9,19,9,2,19,0,1,0,0%
Alex Cobb (SP) FA,,,32.1,27,2,0,4.12,1.32,15,31,11,3,8,5,2,0,0%
Jaden Hill,COL,RP,38.9,39,2,0,4.37,1.37,19,38,15,5,37,0,2,0,0%
John King,MIA,RP,50.0,33,2,0,4.11,1.39,23,55,15,5,49,0,2,0,0%
Tyler Gilbert,CWS,"SP,RP",41.1,37,2,0,4.41,1.35,20,40,16,6,39,0,2,0,0%
Steven Wilson,TB,RP,44.6,44,2,0,4.66,1.34,23,40,20,7,45,0,2,0,0%
Cody Laweryson (MIN - RP) NRI,,,39.2,34,2,0,4.37,1.34,19,39,14,5,36,0,2,0,0%
Michael Petersen,MIA,RP,37.1,36,2,0,4.39,1.35,18,35,15,5,36,0,2,0,0%
Luke Jackson (RP) FA,,,41.0,37,2,2,4.43,1.4,20,38,19,4,38,0,3,0,0%
Gage Jump (ATH - SP) NRI,,,42.5,35,2,0,4.41,1.34,21,42,15,6,9,9,3,0,1%
Tim Mayza,PHI,RP,34.4,29,2,0,4.14,1.35,16,35,12,4,35,0,1,0,0%
Kade Strowd (ARI - RP) MiLB,,,37.5,35,2,0,4.14,1.4,17,35,17,4,36,0,2,0,0%
Sawyer Gipson-Long,DET,"SP,RP",29.7,27,1,0,4.09,1.21,13,28,8,4,20,2,2,0,0%
Kyle Nicolas (CIN - RP) MiLB,,,39.8,41,2,0,4.3,1.41,19,36,20,5,37,0,2,0,0%
Anthony Nunez (BAL - RP) MiLB,,,21.4,23,2,0,3.92,1.3,9,19,9,2,21,0,1,0,0%
Nestor Cortes Jr. (SP) FA,,,32.4,29,2,0,4.49,1.28,16,31,11,6,6,6,2,0,0%
Peyton Pallette,CLE,RP,45.7,44,2,0,4.51,1.38,23,43,20,6,43,0,2,0,0%
Walker Buehler,SD,SP,70.2,56,4,0,4.93,1.43,38,72,29,11,26,11,5,0,2%
Paxton Schultz (WSH - RP) IL15,,,39.1,36,2,0,4.42,1.36,19,38,15,5,34,0,2,0,0%
Peyton Gray (TEX - RP) MiLB,,,26.8,26,2,0,4.23,1.31,13,25,10,4,26,0,2,0,0%
Garrett Hawkins (SD - RP) MiLB,,,25.8,26,2,0,4.17,1.32,12,23,11,4,26,0,2,0,0%
Joel Peguero,SF,RP,43.0,36,2,3,4.46,1.43,21,43,18,5,41,0,2,0,0%
Brandyn Garcia,ARI,RP,44.0,39,2,0,4.16,1.44,20,43,20,4,42,0,3,0,0%
Caden Dana (LAA - SP) MiLB,,,78.0,67,4,0,5.04,1.43,44,77,35,14,14,15,6,0,0%
Drew Smith (RP) FA,,,34.6,35,2,0,4.49,1.35,17,32,15,5,35,0,2,0,0%
Tommy Kahnle (BOS - RP) MiLB,,,44.0,39,2,1,4.42,1.41,22,41,21,5,45,0,3,0,0%
"Charlie Morton (SP,RP) FA",,,62.1,63,3,0,4.8,1.46,33,61,29,10,12,12,4,0,14%
Luis Curvelo (TEX - RP) MiLB,,,40.2,36,2,0,4.52,1.35,20,37,17,6,39,0,2,0,0%
"Ryan Gusto (MIA - SP,RP) MiLB",,,46.7,40,2,0,4.57,1.36,24,47,16,7,27,4,3,0,0%
German Marquez,SD,SP,106.6,79,5,0,5.09,1.43,60,116,37,17,23,19,7,0,0%
AJ Blubaugh,HOU,"SP,RP",42.1,38,2,0,4.51,1.37,21,40,18,6,29,3,2,0,1%
Max Lazar,PHI,RP,34.3,27,2,0,4.4,1.32,17,34,11,5,32,0,2,0,0%
Chad Green (RP) FA,,,33.6,29,2,0,4.56,1.31,17,33,11,6,32,0,2,0,0%
Gavin Stone,LAD,SP,27.7,23,2,0,4.32,1.31,13,27,9,4,12,3,1,0,0%
Kervin Castro (NYY - RP) MiLB,,,28.7,27,2,0,4.32,1.35,14,26,13,3,28,0,2,0,0%
Beau Brieske (DET - RP) IL60,,,45.1,39,2,0,4.55,1.38,23,43,20,6,42,0,3,0,0%
"Jose Corniell (TEX - SP,RP) MiLB",,,19.4,18,1,0,3.66,1.17,8,16,6,2,15,0,1,0,0%
Carson Whisenhunt (SF - SP) MiLB,,,43.6,34,2,0,4.43,1.38,21,44,16,6,15,7,3,0,0%
Luinder Avila (KC - RP) MiLB,,,34.0,29,2,0,4.28,1.39,16,32,15,4,31,0,2,0,0%
Kendry Rojas (MIN - SP) MiLB,,,33.0,29,2,0,4.29,1.39,16,33,13,4,26,2,2,0,0%
"Robinson Ortiz (SEA - SP,RP) MiLB",,,28.7,27,2,0,4.17,1.4,13,25,15,3,29,0,2,0,0%
Chase Lee,TOR,RP,25.6,25,1,0,4.03,1.26,11,24,8,4,24,0,1,0,0%
Coleman Crow (MIL - SP) MiLB,,,19.3,20,1,0,3.73,1.2,8,17,6,2,16,1,1,0,0%
River Ryan (LAD - SP) MiLB,,,42.7,36,2,0,4.53,1.38,21,42,17,6,13,8,2,0,2%
Brandan Bidois (PIT - RP) MiLB,,,47.6,45,2,0,4.51,1.43,24,45,23,6,46,0,3,0,0%
Seth Halvorsen,COL,RP,48.6,45,2,3,4.62,1.47,25,49,23,6,48,0,3,0,1%
Cionel Perez,WSH,RP,53.1,45,2,2,4.37,1.49,26,51,28,5,53,0,2,0,0%
Jason Foley (SF - RP) IL60,,,22.2,18,1,0,3.59,1.25,9,22,6,2,23,0,1,0,0%
Ian Hamilton (ATL - RP) MiLB,,,28.2,30,1,0,3.96,1.35,12,25,13,3,25,0,1,0,0%
Ryan Watson,BOS,"SP,RP",28.2,24,2,0,4.33,1.35,14,28,10,3,28,0,1,0,0%
Ryan Lambert (NYM - RP) MiLB,,,27.9,32,1,0,4.06,1.35,13,23,14,3,28,0,2,0,0%
Michael Kopech (RP) FA,,,34.8,38,2,0,4.54,1.42,18,29,20,5,33,0,2,0,0%
"Caleb Kilian (SF - SP,RP) NRI",,,35.7,27,2,0,4.37,1.37,17,37,12,4,34,0,2,0,0%
Tristan Beck,SF,RP,28.1,24,1,0,4.09,1.27,13,27,9,3,22,0,1,0,0%
Codi Heuer (CLE - RP) MiLB,,,24.7,25,1,0,3.92,1.3,11,22,9,3,22,0,1,0,0%
Yariel Rodriguez (TOR - RP) MiLB,,,31.2,30,1,0,4.09,1.34,14,27,15,4,30,0,2,0,0%
Jordan Wicks,CHC,"SP,RP",29.7,27,1,0,4.09,1.31,14,29,10,4,19,2,2,0,0%
Sam Bachman,LAA,RP,48.1,41,2,1,4.47,1.45,24,47,23,5,47,0,3,0,0%
"Jackson Rutledge (WSH - SP,RP) MiLB",,,47.0,41,2,1,4.72,1.4,25,47,19,7,42,0,2,0,0%
Nick Anderson (ATH - RP) NRI,,,41.0,37,2,1,4.68,1.4,21,41,16,7,40,0,2,0,0%
Mike Vasil,CWS,"SP,RP",46.0,35,2,1,4.49,1.42,23,45,21,6,25,1,3,0,1%
Juan Morillo,ARI,RP,45.8,42,2,0,4.31,1.48,22,44,24,5,47,0,2,0,0%
Nick Raquet (STL - RP) MiLB,,,28.5,23,2,0,4.3,1.37,14,29,10,3,27,0,2,0,0%
Carter Baumler,TEX,"SP,RP",47.2,41,2,0,4.6,1.41,24,45,22,6,45,0,3,0,0%
Luis Gastelum (STL - RP) MiLB,,,23.5,22,1,0,3.94,1.28,10,22,8,3,23,0,1,0,0%
Alek Manoah,LAA,SP,60.4,52,3,0,4.99,1.42,34,60,26,10,11,12,4,0,0%
George Klassen (LAA - SP) MiLB,,,41.9,40,2,0,4.62,1.42,22,40,19,6,18,5,3,0,0%
Paul Gervase (LAD - RP) MiLB,,,26.0,28,2,0,4.57,1.38,13,23,13,4,25,0,1,0,0%
"Blade Tidwell (SF - SP,RP) MiLB",,,31.9,28,2,0,4.47,1.39,16,31,13,4,16,3,2,0,0%
"John Klein (MIN - SP,RP) MiLB",,,34.2,29,2,0,4.63,1.36,18,34,12,5,25,1,2,0,0%
Carson Seymour,SF,"SP,RP",29.1,25,2,0,4.32,1.4,14,30,11,4,16,2,2,0,0%
Justin Hagenman (NYM - RP) IL60,,,22.3,20,1,0,4.13,1.22,10,22,6,3,19,0,1,0,0%
Kaleb Ort (LAA - RP) NRI,,,40.9,42,2,0,4.76,1.41,22,37,21,7,40,0,2,0,0%
Dylan Ross (NYM - RP) MiLB,,,25.9,28,1,0,4.0,1.36,11,22,13,3,26,0,1,0,0%
Ken Waldichuk,WSH,SP,36.6,35,2,0,4.6,1.41,19,34,17,5,32,0,2,0,0%
"Jason Alexander (HOU - SP,RP) MiLB",,,45.1,35,2,0,4.62,1.39,23,47,16,6,20,5,2,0,0%
Tomoyuki Sugano,COL,SP,118.4,76,6,0,5.22,1.43,69,139,30,21,22,22,9,1,0%
Carlos Rodriguez (MIL - RP) MiLB,,,31.5,29,1,0,4.37,1.31,15,29,13,5,24,2,2,0,0%
Chase Shugart (PHI - RP) MiLB,,,35.0,29,2,0,4.58,1.38,18,34,14,5,32,0,2,0,0%
Ryan Bergert (KC - SP) MiLB,,,53.5,44,2,0,4.73,1.4,28,53,22,8,20,8,3,0,0%
Zach Agnos,COL,RP,57.8,46,3,3,5.02,1.46,32,60,24,9,57,0,4,0,0%
Bailey Horn,DET,RP,30.4,28,2,0,4.37,1.43,15,29,15,4,30,0,2,0,0%
Luke Little (CHC - RP) MiLB,,,21.0,24,1,0,3.67,1.38,9,16,13,2,22,0,1,0,0%
Christian Roa (HOU - RP) NRI,,,33.1,31,2,0,4.43,1.44,16,30,17,4,32,0,2,0,0%
Eli Morgan (KC - RP) NRI,,,32.0,27,2,0,4.68,1.36,17,31,12,5,30,0,2,0,0%
Eduarniel Nunez (ATH - RP) MiLB,,,36.4,37,2,0,4.43,1.48,18,33,21,4,35,0,2,0,0%
Keegan Thompson,COL,RP,47.3,46,2,0,4.76,1.43,25,47,21,7,42,0,3,0,0%
Chris Roycroft,STL,RP,45.6,37,2,0,4.4,1.46,22,45,21,4,43,0,3,0,0%
Cade Povich (BAL - SP) MiLB,,,25.6,25,1,0,4.22,1.31,12,25,9,4,12,3,1,0,0%
"Jesse Scholtens (TB - SP,RP) MiLB",,,32.4,29,1,0,4.41,1.32,16,32,11,5,27,0,2,0,0%
Drew Thorpe,CWS,SP,42.0,32,2,0,4.73,1.37,22,42,15,7,9,8,3,0,0%
James McArthur,KC,RP,25.0,23,1,0,4.18,1.3,12,25,8,3,24,0,1,0,0%
Josh Winckowski (TOR - RP) MiLB,,,18.1,16,1,0,3.73,1.27,8,18,6,2,12,1,1,0,0%
Cameron Foster (BAL - RP) MiLB,,,25.9,23,2,0,4.52,1.39,13,26,10,4,25,0,2,0,0%
Felix Bautista (BAL - RP) IL60,,,10.7,14,1,0,3.24,1.18,4,8,5,1,11,0,1,0,2%
Zach McCambley,MIA,"SP,RP",32.1,32,1,0,4.41,1.36,16,30,13,4,27,0,1,0,0%
"Colton Gordon (HOU - SP,RP) MiLB",,,30.3,25,1,0,4.41,1.3,15,31,9,5,22,1,1,0,0%
Zach Pop,PHI,RP,31.0,25,2,0,4.53,1.4,16,32,12,4,32,0,2,0,0%
Tyler Samaniego (BOS - RP) MiLB,,,25.9,22,2,0,4.39,1.42,13,26,11,3,25,0,2,0,0%
Michael Grove (RP) FA,,,17.4,19,1,0,4.15,1.24,8,16,6,3,12,1,1,0,0%
Gunnar Hoglund (ATH - SP) IL15,,,45.5,35,2,0,4.9,1.36,25,47,14,8,22,5,3,0,0%
Hunter Stratton (ATL - RP) MiLB,,,23.5,22,1,0,4.19,1.31,11,22,8,3,23,0,1,0,0%
David Davalillo (TEX - SP) MiLB,,,16.3,15,1,0,3.86,1.23,7,14,7,2,4,4,1,1,0%
Trent Thornton (CHC - RP) NRI,,,24.6,21,1,0,4.27,1.29,12,24,8,3,23,0,1,0,0%
Manuel Rodriguez (TB - RP) IL60,,,15.3,14,1,0,3.7,1.24,6,14,5,1,15,0,1,0,0%
Philip Abner (ARI - RP) MiLB,,,27.9,26,1,0,4.23,1.36,13,27,11,3,29,0,1,0,0%
JR Ritchie (ATL - SP) MiLB,,,26.2,22,2,0,4.59,1.39,13,26,11,3,5,5,1,0,1%
Drey Jameson (ARI - RP) MiLB,,,29.0,26,1,0,4.21,1.37,14,28,12,4,25,0,1,0,0%
Zach Maxwell (CIN - RP) MiLB,,,36.6,38,2,0,4.63,1.48,19,33,21,5,35,0,2,0,0%
James Karinchak (ATL - RP) MiLB,,,25.5,30,1,0,4.33,1.39,12,21,14,4,25,0,1,0,0%
Mike Clevinger (PIT - RP) MiLB,,,38.0,30,2,0,4.72,1.4,20,39,14,6,34,1,2,0,0%
John Rooney (TB - RP) NRI,,,17.5,21,1,0,3.85,1.37,8,14,11,2,13,0,1,0,0%
"Ryan Burr (SP,RP) FA",,,11.0,16,1,0,3.68,1.23,5,9,5,1,12,0,1,0,0%
Ronel Blanco,HOU,SP,20.7,21,1,0,4.26,1.3,10,18,8,3,10,2,1,0,1%
Jose Quintana,COL,SP,140.2,97,7,0,5.09,1.5,79,156,55,20,25,25,10,0,1%
"Jonathan Pintaro (NYM - SP,RP) MiLB",,,22.9,22,1,0,4.03,1.37,10,21,10,2,19,2,1,0,0%
Tanner McDougal (CWS - SP) MiLB,,,39.8,35,2,0,4.64,1.45,21,39,19,5,16,6,2,0,0%
Caleb Boushley (RP) FA,,,25.9,19,2,0,4.52,1.39,13,28,9,4,15,1,1,0,0%
Griff McGarry (PHI - SP) MiLB,,,28.3,32,1,0,4.24,1.44,13,23,18,3,22,0,1,0,0%
Craig Kimbrel (NYM - RP) NRI,,,18.8,21,1,0,4.15,1.33,9,15,10,3,20,0,1,0,0%
Josh Walker (BAL - RP) NRI,,,30.1,33,2,0,4.79,1.46,16,28,16,5,26,0,2,0,0%
Dylan Smith (DET - RP) MiLB,,,22.5,20,1,0,4.14,1.34,10,21,10,3,20,0,1,0,0%
Josh Simpson (SEA - RP) MiLB,,,23.2,24,1,0,4.16,1.39,11,20,12,3,24,0,1,0,0%
Andrew Morris (MIN - SP) MiLB,,,20.9,17,1,0,4.21,1.29,10,21,6,3,18,0,1,0,0%
Thomas White (MIA - SP) MiLB,,,26.3,27,1,0,4.23,1.41,12,24,14,3,5,5,2,0,3%
Danny Young,ATL,RP,16.4,17,1,0,3.89,1.34,7,14,7,2,17,0,1,0,0%
Quinn Mathews (STL - SP) MiLB,,,40.2,37,2,0,4.5,1.51,20,37,23,4,8,8,3,0,1%
Bowden Francis (TOR - SP) IL60,,,22.0,20,1,0,4.51,1.28,11,21,8,5,5,5,1,0,0%
Drew Sommers (DET - RP) MiLB,,,19.8,17,1,0,3.92,1.36,9,19,8,2,20,0,1,0,0%
John Brebbia (RP) FA,,,33.8,33,2,0,5.0,1.41,19,35,12,6,34,0,2,0,0%
Franco Aleman (CLE - RP) MiLB,,,19.3,22,1,0,4.16,1.38,9,17,10,2,19,0,1,0,0%
Alex Carrillo (NYM - RP) MiLB,,,20.9,23,1,0,4.34,1.36,10,18,11,3,19,0,1,0,0%
Nick Burdi (NYM - RP) MiLB,,,12.1,14,1,0,3.55,1.33,5,9,7,1,12,0,1,0,0%
"Lazaro Estrada (TOR - SP,RP) MiLB",,,23.9,21,1,0,4.58,1.29,12,23,8,4,21,0,1,0,0%
Brandon Young (BAL - SP) MiLB,,,24.3,21,1,0,4.41,1.33,12,25,8,4,18,2,1,0,0%
"Wikelman Gonzalez (CWS - SP,RP) MiLB",,,43.6,43,2,0,4.7,1.5,23,39,26,5,39,0,2,0,0%
Ty Adcock (SD - RP) MiLB,,,24.8,23,1,0,4.47,1.34,12,24,10,4,24,0,1,0,0%
Gus Varland,WSH,RP,27.3,26,1,0,4.42,1.38,13,27,11,3,27,0,1,0,0%
Carlos Hernandez (CLE - RP) NRI,,,22.6,23,1,0,4.39,1.36,11,21,10,3,22,0,1,0,0%
Cristian Mena,ARI,"SP,RP",19.5,18,1,0,4.17,1.34,9,19,8,2,12,2,1,0,0%
RJ Petit,COL,RP,21.0,20,1,0,4.08,1.39,10,20,9,2,21,0,2,0,0%
Reiver Sanmartin,SF,RP,24.2,18,1,0,4.1,1.37,11,25,8,2,23,0,1,0,0%
Daysbel Hernandez,ATL,RP,27.6,29,1,0,4.32,1.44,13,24,16,3,27,0,2,0,0%
Sean Guenther (DET - RP) MiLB,,,15.8,12,1,0,3.87,1.3,7,15,5,2,15,0,1,0,0%
Rafael Montero (NYY - RP) NRI,,,29.7,28,1,0,4.45,1.4,15,27,15,4,30,0,1,0,0%
Tyson Neighbors (BAL - RP) MiLB,,,16.8,17,1,0,4.22,1.32,8,14,8,2,17,0,1,0,0%
Joey Lucchesi (RP) FA,,,29.2,22,1,0,4.27,1.39,14,29,11,3,26,0,1,0,0%
Michael Fulmer (SF - RP) NRI,,,13.6,14,1,0,4.04,1.3,6,12,6,2,13,0,1,0,0%
Michael Tonkin (RP) FA,,,25.9,24,1,0,4.74,1.32,14,25,10,4,20,0,1,0,0%
Jhony Brito (SD - RP) IL60,,,18.8,15,1,0,4.22,1.32,9,19,6,2,17,0,1,0,0%
"Mitch Spence (KC - SP,RP) MiLB",,,30.0,24,1,0,4.54,1.36,15,32,9,4,25,1,2,0,0%
Riley Martin (CHC - RP) MiLB,,,17.9,19,1,0,4.04,1.42,8,16,10,2,17,0,1,0,0%
Hector Neris (RP) FA,,,21.5,23,1,0,4.52,1.37,11,19,10,3,22,0,2,0,0%
Austin Peterson (CLE - SP) MiLB,,,29.3,21,1,0,4.66,1.31,15,31,8,5,15,3,2,0,0%
"Easton Lucas (SP,RP) FA",,,22.9,22,1,0,4.32,1.4,11,21,11,3,12,1,2,0,1%
Winston Santos (TEX - SP) MiLB,,,16.6,20,1,0,4.33,1.38,8,15,8,3,4,4,1,0,0%
"Ty Johnson (TB - SP,RP) MiLB",,,11.5,12,1,0,4.09,1.25,5,10,4,1,2,2,1,0,0%
Spencer Miles,TOR,SP,21.3,20,1,0,4.42,1.36,10,20,9,3,21,0,1,0,0%
Ixan Henderson (STL - SP) MiLB,,,15.0,13,1,0,3.89,1.36,7,13,8,1,12,1,1,0,0%
Michel Otanez (TEX - RP) MiLB,,,17.9,22,1,0,4.23,1.44,8,15,11,2,18,0,1,0,0%
Orlando Ribalta,WSH,RP,46.3,43,2,0,4.85,1.48,25,45,24,7,46,0,2,0,0%
Trevor Stephan (CLE - RP) MiLB,,,17.0,16,1,0,4.32,1.33,8,16,7,2,17,0,1,0,0%
Alexis Diaz (TEX - RP) MiLB,,,27.2,27,1,1,4.75,1.4,14,24,15,4,25,0,1,0,0%
Daniel Espino (CLE - SP) MiLB,,,18.8,19,1,0,4.26,1.39,9,17,9,3,15,1,1,0,0%
Brycen Mautz (STL - SP) MiLB,,,15.9,14,1,0,4.2,1.32,7,15,5,2,14,0,1,0,0%
Gavin Hollowell (CHC - RP) MiLB,,,23.0,23,1,0,4.43,1.4,11,21,12,3,22,0,1,0,0%
"Luis Perales (WSH - SP,RP) MiLB",,,19.8,20,1,0,4.24,1.41,9,18,10,2,18,0,1,0,0%
Angel Chivilli (NYY - RP) MiLB,,,27.1,24,1,0,4.59,1.37,14,27,10,4,25,0,1,0,0%
Cole Wilcox (SEA - RP) MiLB,,,21.8,17,1,0,4.35,1.35,11,21,8,3,20,0,1,0,0%
Garrett Acton (MIA - RP) MiLB,,,20.0,20,1,0,4.55,1.35,10,18,9,3,20,0,1,0,0%
"David Sandlin (CWS - SP,RP) MiLB",,,19.7,17,1,0,4.46,1.33,10,19,7,3,20,0,1,0,0%
"Alex Faedo (SP,RP) FA",,,11.8,12,1,0,4.2,1.27,6,11,5,2,8,1,1,0,0%
Shawn Dubin (ARI - RP) NRI,,,21.6,20,1,0,4.32,1.4,10,21,9,2,17,0,1,0,0%
Jorge Lopez (RP) FA,,,26.7,22,1,0,4.62,1.35,14,27,9,4,27,0,1,0,0%
Joe Mantiply (TOR - RP) MiLB,,,13.6,12,1,0,4.2,1.29,6,14,4,2,14,0,1,0,0%
"Miguel Ullola (HOU - SP,RP) MiLB",,,10.8,12,1,0,3.94,1.32,5,8,6,1,9,0,1,0,0%
Wade Miley (SP) FA,,,32.4,20,2,0,4.64,1.44,17,34,12,4,8,6,2,1,0%
Derek Law (ARI - RP) MiLB,,,19.1,16,1,0,4.28,1.36,9,19,7,2,19,0,1,0,0%
"Dane Dunning (SEA - SP,RP) MiLB",,,16.5,14,1,0,4.36,1.31,8,16,6,2,8,2,1,0,0%
Troy Taylor (SEA - RP) MiLB,,,23.4,22,1,0,4.4,1.41,11,22,11,3,24,0,1,0,0%
Kendall Graveman (RP) FA,,,27.5,23,2,0,4.78,1.47,15,27,14,4,29,0,1,0,0%
"Mason Black (KC - SP,RP) MiLB",,,49.0,40,2,0,4.91,1.45,27,50,21,7,31,3,3,0,0%
Luis Mey (CIN - RP) MiLB,,,33.9,32,2,0,4.63,1.54,17,31,21,4,34,0,2,0,0%
Tayler Saucedo (LAA - RP) MiLB,,,24.5,22,1,0,4.33,1.43,12,24,11,3,25,0,1,0,0%
Joey Estes (ATH - SP) MiLB,,,28.6,21,1,0,4.9,1.29,16,29,8,5,23,1,2,0,0%
Enoli Paredes (BAL - RP) NRI,,,9.6,11,1,0,3.75,1.35,4,8,6,1,8,0,1,0,0%
Welinton Herrera (COL - RP) MiLB,,,24.0,24,1,0,4.45,1.43,12,24,11,3,24,0,2,0,0%
"Robert Stock (NYM - SP,RP) MiLB",,,19.0,21,1,0,4.27,1.45,9,17,11,3,13,1,1,0,0%
Sammy Peralta (MIL - RP) MiLB,,,14.8,13,1,0,4.34,1.31,7,14,5,2,12,0,1,0,0%
Chris Devenski (PIT - RP) MiLB,,,19.4,16,1,0,4.56,1.32,10,19,6,3,18,0,1,0,0%
Angel Bastardo,TOR,SP,16.7,16,1,0,4.3,1.38,8,15,8,2,13,1,1,0,0%
Jose Espada (BAL - RP) MiLB,,,15.8,17,1,0,4.48,1.36,8,14,8,2,14,0,1,0,0%
Jayden Murray (HOU - RP) MiLB,,,26.1,22,1,0,4.49,1.4,13,25,11,4,25,0,1,0,0%
Ricky Tiedemann (TOR - SP) MiLB,,,16.6,17,1,0,4.3,1.4,8,15,8,2,10,2,1,0,1%
Cam Booser (TB - RP) NRI,,,18.0,20,1,0,4.41,1.42,9,17,9,3,19,0,1,0,0%
Domingo Gonzalez (SEA - RP) MiLB,,,17.2,16,1,0,4.37,1.37,8,16,8,2,17,0,1,0,0%
Dillon Tate (RP) FA,,,13.0,12,1,0,4.15,1.34,6,12,6,1,13,0,1,0,0%
Trevor Williams (WSH - SP) IL60,,,28.5,23,1,0,4.61,1.38,15,31,9,4,19,2,2,0,0%
"Joey Gerber (NYM - SP,RP) MiLB",,,14.9,15,1,0,4.54,1.32,8,14,6,2,13,0,0,0,0%
Daison Acosta (SD - RP) MiLB,,,12.6,14,1,0,4.17,1.38,6,11,7,2,12,0,0,0,0%
Tink Hence (STL - SP) MiLB,,,13.9,13,1,0,4.18,1.36,6,13,6,2,5,2,1,0,0%
"Joe Rock (TB - SP,RP) MiLB",,,19.0,15,1,0,4.41,1.35,9,19,6,3,11,2,1,0,0%
Joe Ross (ARI - RP) NRI,,,27.5,22,1,0,4.5,1.4,14,28,10,3,25,1,1,0,0%
Scott Alexander (RP) FA,,,25.7,17,1,0,4.37,1.38,12,27,9,3,29,0,2,0,0%
"Packy Naughton (STL - SP,RP) MiLB",,,14.0,13,1,0,4.27,1.35,7,14,5,2,14,0,1,0,0%
"Albert Suarez (BAL - SP,RP) NRI",,,21.5,18,1,0,4.57,1.36,11,22,7,3,18,0,1,0,1%
Pedro Avila (CLE - RP) MiLB,,,22.8,21,1,0,4.5,1.41,11,22,10,2,18,0,1,0,0%
Duncan Davitt (CWS - SP) MiLB,,,21.0,17,1,0,4.58,1.35,11,22,7,3,19,0,1,0,0%
Julian Merryweather (MIN - RP) MiLB,,,13.5,14,1,0,4.24,1.39,6,12,7,2,13,0,1,0,0%
Grant Holman (ARI - RP) MiLB,,,17.9,15,1,0,4.36,1.38,9,17,7,2,18,0,1,0,0%
Ty Madden (DET - RP) MiLB,,,20.9,19,1,0,4.6,1.38,11,20,9,3,13,2,1,0,0%
Mitch Bratt (ARI - SP) MiLB,,,13.6,10,1,0,4.38,1.29,7,14,3,2,4,3,1,0,0%
Shane Murphy (CWS - RP) MiLB,,,18.2,13,1,0,4.58,1.31,9,19,5,3,17,0,1,0,0%
Tanner Houck (BOS - SP) IL60,,,16.1,13,1,0,4.4,1.35,8,16,6,2,7,1,1,0,0%
Lucas Braun (ATL - SP) MiLB,,,7.8,7,1,0,4.05,1.22,4,7,3,1,2,2,0,0,0%
Martin Perez (ATL - SP) NRI,,,28.3,22,1,0,4.62,1.39,15,29,10,4,5,5,2,0,0%
"Robinson Pina (SP,RP) FA",,,10.5,9,1,0,4.27,1.28,5,11,3,2,8,1,1,0,0%
"Spencer Turnbull (SP,RP) FA",,,32.3,27,2,0,4.9,1.48,18,33,15,4,9,5,2,0,0%
Tony Gonsolin (SP) FA,,,16.4,16,1,0,4.65,1.35,8,15,7,3,3,3,1,0,0%
Evan Reifert (TB - RP) MiLB,,,10.2,11,1,0,4.07,1.38,5,9,5,1,10,0,1,0,0%
Lou Trivino (PHI - RP) MiLB,,,22.8,20,1,0,4.58,1.4,12,22,10,3,23,0,1,0,0%
Austin Gomber (TEX - SP) NRI,,,19.4,14,1,0,4.69,1.31,10,20,5,3,6,3,2,0,0%
Jorge Alcala (TOR - RP) MiLB,,,18.9,19,1,0,4.85,1.35,10,18,8,4,18,0,1,0,0%
Genesis Cabrera (PHI - RP) MiLB,,,21.7,20,1,0,4.62,1.4,11,21,10,3,21,0,1,0,0%
Kevin Herget (NYM - RP) MiLB,,,9.2,8,1,0,4.4,1.23,4,9,3,2,5,0,0,0,0%
"Alan Rangel (PHI - SP,RP) MiLB",,,23.0,19,1,0,4.74,1.36,12,23,8,4,14,2,1,0,0%
"Peter Lambert (HOU - SP,RP) NRI",,,14.7,14,1,0,4.49,1.37,7,14,6,2,12,0,1,0,0%
Cade Winquest,NYY,SP,30.7,25,1,0,4.71,1.4,16,31,12,4,28,0,2,0,0%
"Kolby Allard (CLE - SP,RP) NRI",,,22.9,17,1,0,4.6,1.37,12,24,7,3,19,0,1,0,0%
"Osvaldo Bido (ATL - SP,RP) MiLB",,,20.9,19,1,0,4.66,1.39,11,20,9,3,15,0,1,0,0%
Alex Hoppe (SEA - RP) MiLB,,,17.9,17,1,0,4.32,1.45,9,17,9,2,18,0,1,0,0%
Matt Bowman (RP) FA,,,19.2,16,1,0,4.61,1.37,10,20,7,3,18,0,1,0,0%
"Ronan Kopp (LAD - SP,RP) MiLB",,,15.6,17,1,0,4.3,1.47,7,13,10,2,15,0,1,0,0%
Juan Burgos (ARI - RP) MiLB,,,23.7,20,1,0,4.49,1.43,12,23,10,3,24,0,1,0,0%
"Brian Van Belle (TB - SP,RP) MiLB",,,11.6,9,1,0,4.26,1.33,6,13,3,2,5,1,1,0,0%
Ethan Pecko (HOU - SP) MiLB,,,10.9,10,1,0,4.13,1.38,5,10,6,2,3,3,1,0,0%
Joel Kuhnel (ATH - RP) NRI,,,11.0,8,1,0,4.1,1.34,5,12,3,1,11,0,1,0,0%
Dugan Darnell (DET - RP) NRI,,,11.7,12,1,0,4.24,1.41,6,10,7,1,8,0,1,0,0%
Ryan Loutos (SEA - RP) MiLB,,,19.7,17,1,0,4.48,1.42,10,19,9,3,20,0,1,0,0%
Bobby Miller,LAD,SP,21.0,19,1,0,4.64,1.41,11,20,10,3,17,0,1,0,0%
Dax Fulton (MIA - SP) MiLB,,,22.4,19,1,0,4.42,1.45,11,22,11,2,18,1,1,0,0%
Julian Aguiar (CIN - SP) MiLB,,,31.6,23,1,0,4.86,1.36,17,33,10,5,24,2,2,0,0%
Ryan Rolison (CHC - RP) MiLB,,,30.5,23,1,0,4.6,1.42,16,31,12,4,28,0,2,0,0%
Konnor Pilkington (DET - RP) MiLB,,,18.2,19,1,0,4.5,1.46,9,16,11,2,19,0,1,0,0%
Jake Bennett (BOS - SP) MiLB,,,19.6,15,1,0,4.58,1.38,10,20,7,2,18,0,1,0,0%
Chase Dollander,COL,SP,118.7,103,5,0,5.29,1.5,70,124,54,19,30,22,9,0,1%
Alek Jacob (SD - RP) MiLB,,,32.4,29,1,0,4.82,1.42,17,32,14,5,30,0,2,0,0%
"Nolan Hoffman (PHI - SP,RP) MiLB",,,15.3,15,1,0,4.42,1.44,8,15,8,2,15,0,1,0,0%
Carlos Lagrange (NYY - SP) MiLB,,,10.7,11,1,0,4.21,1.43,5,9,6,1,9,1,1,0,5%
Logan Gillaspie (SD - RP) MiLB,,,20.3,15,1,0,4.65,1.37,10,21,7,3,19,0,1,0,0%
Prelander Berroa,CWS,RP,29.2,30,1,0,4.59,1.5,15,26,17,4,28,0,2,0,0%
Josh Ekness (MIA - RP) MiLB,,,16.7,15,1,0,4.5,1.42,8,16,8,2,16,0,1,0,0%
Enmanuel De Jesus,DET,"SP,RP",32.7,27,1,0,4.66,1.44,17,33,14,4,31,0,1,0,0%
Kohl Drake (ARI - SP) MiLB,,,15.6,13,1,0,4.51,1.39,8,16,6,2,4,3,1,0,0%
Jack Little (DET - RP) MiLB,,,13.1,11,1,0,4.47,1.37,7,13,6,2,8,0,1,0,0%
"Jhancarlos Lara (ATL - SP,RP) MiLB",,,12.2,14,1,0,4.33,1.47,6,11,7,1,12,0,1,0,0%
Bryan Sammons (DET - RP) MiLB,,,18.6,17,1,0,4.6,1.42,10,18,9,4,4,1,1,0,0%
Jack Neely (CHC - RP) MiLB,,,17.0,18,1,0,4.59,1.45,9,15,9,2,17,0,1,0,0%
Seth Martinez (BOS - RP) MiLB,,,14.6,12,1,0,4.56,1.37,7,14,6,2,14,0,1,0,0%
"Carson Fulmer (PIT - SP,RP) MiLB",,,17.8,15,1,0,4.31,1.46,9,18,8,2,10,1,1,0,0%
"Adam Macko (TOR - SP,RP) MiLB",,,14.1,13,1,0,4.53,1.4,7,13,6,2,12,1,1,0,0%
Tom Cosgrove (HOU - RP) MiLB,,,13.2,12,1,0,4.46,1.4,7,12,7,2,13,0,1,0,0%
T.J. McFarland (RP) FA,,,22.4,14,1,0,4.45,1.4,11,24,7,2,30,0,1,0,0%
Jackson Kowar,BAL,RP,28.1,26,1,0,4.75,1.44,15,27,13,4,27,0,2,0,0%
"Thomas Harrington (PIT - SP,RP) MiLB",,,22.4,17,1,0,4.72,1.38,12,23,7,3,10,3,2,0,0%
"Shinnosuke Ogasawara (WSH - SP,RP) MiLB",,,12.6,9,1,0,4.43,1.35,6,13,4,2,10,0,1,0,0%
A.J. Causey (ATH - RP) MiLB,,,12.1,10,1,0,4.4,1.38,6,12,5,2,12,0,1,0,0%
Taylor Rashi (ARI - RP) NRI,,,19.7,19,1,0,4.51,1.47,10,18,11,2,12,0,1,0,0%
Riley Gowens (CWS - SP) MiLB,,,11.8,11,1,0,4.72,1.34,6,12,4,2,12,0,1,0,0%
"Hagen Danner (CIN - C,RP) MiLB",,,18.0,16,1,0,4.75,1.39,10,19,6,3,18,0,1,0,0%
Colin Poche (RP) FA,,,17.7,16,1,0,4.67,1.41,9,16,9,3,19,0,1,0,0%
Eric Cerantola (KC - RP) MiLB,,,14.6,15,1,0,4.47,1.46,7,13,8,2,14,0,1,0,0%
Joe La Sorsa (PIT - RP) MiLB,,,16.9,12,1,0,4.4,1.41,8,17,7,2,16,0,1,0,0%
Tate Kuehner (MIL - SP) NRI,,,11.4,10,1,0,4.35,1.41,5,10,6,1,11,0,1,0,0%
"Roansy Contreras (SP,RP) FA",,,33.4,24,2,0,4.98,1.47,19,35,14,6,22,1,2,0,0%
Henry Baez (ATH - SP) MiLB,,,13.1,10,1,0,4.32,1.41,6,13,5,1,11,0,0,0,0%
Connor Seabold,DET,RP,22.5,18,1,0,4.83,1.38,12,23,8,4,21,0,1,0,0%
Collin Snider (CHC - RP) MiLB,,,11.9,10,1,0,4.54,1.37,6,12,4,2,12,0,1,0,0%
Scott Effross (DET - RP) MiLB,,,15.5,11,1,0,4.43,1.4,8,17,5,1,16,0,1,0,0%
Hagen Smith (CWS - SP) MiLB,,,18.4,19,1,0,4.58,1.48,9,16,12,2,4,4,1,0,1%
Kyle Wright (CHC - SP) MiLB,,,14.7,13,1,0,4.64,1.4,8,14,6,2,6,1,1,0,0%
Max Kranick (RP) FA,,,6.3,5,1,0,4.29,1.27,3,6,2,1,4,0,0,0,0%
Rolddy Munoz (ATL - RP) MiLB,,,17.5,16,1,0,4.46,1.47,9,17,9,2,17,0,1,0,0%
"Dom Hamel (NYY - SP,RP) MiLB",,,23.3,21,1,0,4.73,1.44,12,23,11,4,21,0,1,0,0%
Miguel Castro (LAA - RP) NRI,,,12.7,11,1,0,4.65,1.38,7,12,6,2,13,0,1,0,0%
Ben Hess (NYY - SP) MiLB,,,9.3,8,1,0,4.34,1.39,5,9,5,2,2,2,1,0,0%
"Jose Franco (CIN - SP,RP) MiLB",,,14.6,14,1,0,4.77,1.4,8,14,6,2,14,0,1,0,0%
Zack Thompson (STL - RP) MiLB,,,13.6,13,1,0,4.5,1.45,7,13,7,2,10,1,1,0,0%
Mason Barnett (ATH - SP) MiLB,,,29.2,25,1,0,4.81,1.43,16,29,12,4,18,3,1,0,0%
Chris Flexen (RP) FA,,,24.9,19,1,0,4.69,1.42,13,27,9,4,12,1,2,0,0%
Jake Bloss (TOR - SP) MiLB,,,16.0,13,1,0,4.62,1.41,8,16,7,2,14,0,1,0,0%
Tyler Uberstine (BOS - SP) MiLB,,,11.8,10,1,0,4.63,1.38,6,12,4,2,4,2,1,0,0%
Nate Lavender (NYM - RP) MiLB,,,14.2,15,1,0,4.74,1.44,8,13,8,2,14,0,1,0,0%
John Curtiss (ARI - RP) MiLB,,,22.1,17,1,0,4.89,1.38,12,23,8,4,18,0,2,0,0%
Austin Love (STL - SP) MiLB,,,21.7,18,1,0,4.68,1.44,11,21,10,3,21,0,1,0,0%
Jayvien Sandridge (LAA - RP) MiLB,,,19.2,22,1,0,4.62,1.53,10,17,12,3,20,0,1,0,0%
Wilber Dotel (PIT - SP) MiLB,,,13.4,11,1,0,4.65,1.4,7,13,5,2,12,0,1,0,0%
Noah Schultz (CWS - SP) MiLB,,,21.7,19,1,0,4.65,1.46,11,22,10,3,4,4,2,0,2%
Cam Sanders (PIT - RP) MiLB,,,31.3,31,1,0,4.67,1.51,16,29,19,4,30,0,2,0,0%
Landon Knack,LAD,SP,22.6,20,1,0,4.98,1.4,13,22,9,4,13,3,1,0,0%
William Kempner (MIA - RP) MiLB,,,21.5,21,1,0,4.71,1.48,11,20,12,3,21,0,2,0,0%
Randy Dobnak (SEA - RP) MiLB,,,12.1,9,1,0,4.48,1.42,6,12,5,1,9,0,1,0,0%
Ryan Feltner,COL,SP,107.4,87,4,0,5.16,1.5,62,116,45,16,26,19,7,0,0%
Jarlin Susana (WSH - SP) MiLB,,,9.0,12,1,0,4.48,1.55,5,7,7,1,2,2,1,0,1%
"Chayce McDermott (BAL - SP,RP) MiLB",,,15.7,16,1,0,4.72,1.48,8,15,9,2,12,1,1,0,0%
Jake Eder (WSH - RP) MiLB,,,19.3,16,1,0,4.84,1.42,10,20,8,3,17,0,1,0,0%
Matt Waldron,SD,SP,16.0,13,1,0,4.92,1.39,9,17,5,3,4,2,1,0,0%
Corbin Martin (CHC - RP) MiLB,,,9.8,9,1,0,4.6,1.45,5,9,5,1,10,0,1,0,0%
Sam Benschoter (CIN - RP) MiLB,,,14.6,11,1,0,4.74,1.41,8,15,5,2,13,0,1,0,0%
Jurrangelo Cijntje (STL - SP) MiLB,,,9.1,7,1,0,4.47,1.43,5,9,4,2,2,2,1,0,1%
"Marco Raya (MIN - SP,RP) MiLB",,,23.4,21,1,0,4.72,1.48,12,23,11,3,23,0,1,0,0%
Jake Miller (CLE - SP) NRI,,,9.6,7,1,0,4.56,1.41,5,10,4,1,9,0,1,0,0%
Dan Altavilla (MIN - RP) MiLB,,,36.5,30,1,0,4.75,1.47,19,35,18,5,36,0,2,0,0%
Isaiah Campbell (ARI - RP) NRI,,,14.1,10,1,0,4.69,1.41,7,15,5,2,13,0,1,0,0%
"Doug Nikhazy (CLE - SP,RP) MiLB",,,28.5,25,1,0,4.74,1.48,15,28,14,4,20,2,2,0,0%
Christian Montes De Oca (ARI - RP) MiLB,,,11.2,9,1,0,4.83,1.39,6,11,5,2,5,0,1,0,0%
Josh Staumont (CIN - RP) MiLB,,,11.3,11,1,0,4.74,1.46,6,10,6,1,11,0,1,0,0%
Brandon Waddell (NYM - RP) MiLB,,,16.4,14,1,0,4.8,1.44,9,17,7,3,7,0,1,0,0%
Yilber Diaz (ARI - RP) MiLB,,,19.9,19,1,0,4.71,1.5,10,19,11,3,17,0,1,0,0%
Ben Bowden (ATH - RP) MiLB,,,12.6,13,1,0,4.66,1.51,7,11,8,2,14,0,1,0,0%
"Josh Fleming (TOR - SP,RP) MiLB",,,14.9,8,1,0,4.46,1.43,7,16,5,2,9,0,1,0,0%
Scott Blewett (STL - RP) NRI,,,22.5,17,1,0,4.82,1.43,12,24,9,3,20,0,1,0,0%
Jeff Criswell (COL - RP) IL60,,,12.6,12,1,0,4.77,1.47,7,13,6,2,12,0,1,0,0%
"Seth Johnson (PHI - SP,RP) MiLB",,,20.5,18,1,0,4.74,1.48,11,20,10,3,18,0,1,0,0%
"Triston McKenzie (SD - SP,RP) MiLB",,,9.7,9,1,0,4.82,1.44,5,9,5,2,9,0,1,0,0%
Francis Pena (SD - RP) MiLB,,,9.0,7,1,0,4.44,1.48,4,9,4,1,9,0,1,0,0%
"Tyler Schweitzer (CWS - SP,RP) MiLB",,,13.8,10,1,0,4.73,1.43,7,15,5,2,14,0,1,0,0%
Kyle Keller (BOS - RP) MiLB,,,19.8,19,1,0,4.96,1.46,11,19,10,3,19,0,1,0,0%
Connor Thomas (MIL - RP) MiLB,,,10.9,8,1,0,4.54,1.47,6,12,4,2,4,1,1,0,0%
Emiliano Teodo (TEX - RP) MiLB,,,15.9,16,1,0,4.63,1.54,8,14,11,2,16,0,1,0,0%
Gavin Collyer (TEX - RP) MiLB,,,21.3,21,1,0,4.94,1.48,12,20,12,3,21,0,1,0,0%
Juan Sanchez (SF - RP) MiLB,,,14.0,13,1,0,4.77,1.49,7,14,7,2,14,0,1,0,0%
Hunter Strickland (RP) FA,,,29.8,23,1,0,4.93,1.43,16,29,13,5,29,0,2,0,0%
Ryder Ryan (LAD - RP) NRI,,,9.3,7,1,0,4.71,1.44,5,10,4,1,9,0,1,0,0%
Nathan Wiles (RP) FA,,,7.4,6,1,0,4.86,1.42,4,8,3,2,6,1,0,0,0%
Cal Quantrill (TEX - SP) NRI,,,16.5,13,1,0,5.07,1.4,9,17,6,3,5,3,1,0,0%
"Freddy Tarnok (SP,RP) FA",,,11.1,11,1,0,4.87,1.49,6,10,7,2,7,1,1,0,0%
Scott McGough (RP) FA,,,22.1,21,1,0,5.07,1.45,12,22,10,4,19,0,1,0,0%
Ryan Harbin (PIT - RP) MiLB,,,23.1,22,1,0,4.61,1.55,12,22,14,3,23,0,1,0,0%
Elvin Rodriguez (RP) FA,,,10.1,8,1,0,4.9,1.43,6,11,4,2,3,3,1,0,0%
Matt Krook (ATH - RP) NRI,,,8.1,9,1,0,4.46,1.61,4,7,7,1,9,0,1,0,0%
Yunior Marte (CIN - RP) MiLB,,,13.2,12,1,0,4.96,1.46,7,13,6,2,13,0,1,0,0%
Yovanny Cruz (NYY - SP) MiLB,,,13.8,13,1,0,4.91,1.49,8,13,8,2,14,0,1,0,0%
Tanner Gordon (COL - SP) MiLB,,,54.5,40,2,0,5.32,1.42,32,64,13,10,21,7,4,0,0%
AJ Smith-Shawver,ATL,SP,9.9,10,0,0,4.08,1.3,4,9,4,1,7,1,0,0,1%
Jack Kochanowicz,LAA,SP,75.4,48,3,0,5.02,1.49,42,83,29,10,30,10,5,0,0%
Austin Pope (ATL - RP) MiLB,,,8.6,9,1,0,4.72,1.57,5,9,5,1,5,0,1,0,0%
Anthony Misiewicz (CIN - RP) NRI,,,9.1,8,1,0,5.45,1.38,6,9,4,2,10,0,1,0,0%
Blake Walston,ARI,RP,10.0,9,1,0,4.96,1.49,6,10,5,1,5,1,1,0,0%
Daniel Robert (PHI - RP) NRI,,,9.1,10,0,0,4.27,1.28,4,8,4,1,10,0,0,0,0%
Mitch Farris (LAA - SP) MiLB,,,20.2,19,1,0,4.99,1.49,11,20,10,3,4,4,2,0,0%
Luis Guerrero (TB - RP) NRI,,,21.8,20,1,0,4.91,1.5,12,20,13,3,20,0,1,0,0%
"Bryse Wilson (PHI - SP,RP) MiLB",,,22.5,16,1,0,4.98,1.43,12,25,7,4,12,2,1,0,0%
"J.P. France (HOU - SP,RP) NRI",,,15.6,13,1,0,4.7,1.53,8,15,9,2,6,2,1,0,0%
Sam Long (RP) FA,,,21.0,19,1,0,4.92,1.5,12,21,11,3,22,0,2,0,0%
"Nabil Crismatt (TEX - SP,RP) MiLB",,,20.5,16,1,0,5.05,1.44,12,23,7,5,11,1,1,0,3%
Ky Bush (CWS - SP) IL60,,,13.5,10,1,0,4.85,1.49,7,13,7,2,5,2,1,0,0%
Shaun Anderson (LAA - RP) MiLB,,,13.6,9,1,0,5.08,1.42,8,15,4,2,13,0,1,0,0%
"Thomas Hatch (ARI - SP,RP) NRI",,,15.5,12,1,0,5.02,1.46,9,17,6,2,7,0,1,0,0%
Trey Gibson (BAL - SP) MiLB,,,11.8,11,0,0,4.23,1.36,6,11,5,1,3,3,1,0,0%
"Victor Mederos (LAA - SP,RP) MiLB",,,21.9,17,1,0,4.94,1.47,12,22,10,3,19,0,1,0,0%
Zach Brzykcy (MIA - RP) MiLB,,,16.0,16,1,0,4.9,1.55,9,16,9,2,16,0,1,0,0%
Tyson Miller (CWS - RP) MiLB,,,18.5,15,1,0,4.98,1.48,10,18,9,3,18,0,1,0,0%
Zach Franklin (CWS - RP) MiLB,,,9.5,10,0,0,4.22,1.34,4,9,4,1,9,0,1,0,0%
"Tejay Antone (CIN - SP,RP) MiLB",,,18.7,16,1,0,4.99,1.49,10,19,8,3,18,0,1,0,0%
Tyler Mattison (DET - RP) MiLB,,,12.8,12,1,0,4.8,1.57,7,12,8,2,13,0,1,0,0%
Brandon Walter,HOU,SP,5.6,5,0,0,3.98,1.12,2,5,1,1,1,1,0,0,0%
Lyon Richardson (CIN - RP) NRI,,,22.3,18,1,0,4.73,1.53,12,22,12,2,18,0,1,0,0%
Braden Nett (ATH - SP) MiLB,,,26.3,22,1,0,4.84,1.51,14,27,13,3,14,3,2,0,0%
"Darren McCaughan (CIN - SP,RP) NRI",,,10.1,8,1,0,5.36,1.44,6,11,4,3,4,1,1,0,0%
Walbert Urena,LAA,SP,37.4,28,2,0,4.9,1.57,20,39,19,5,33,1,2,0,0%
Tayler Scott (ATL - RP) MiLB,,,15.9,16,1,0,5.11,1.53,9,15,9,2,15,0,1,0,0%
Tyler Zuber (MIA - RP) MiLB,,,14.9,15,1,0,5.27,1.5,9,14,8,2,12,0,1,0,0%
Travis Sykora (WSH - SP) MiLB,,,16.5,17,1,0,4.91,1.58,9,16,11,2,16,1,1,0,1%
Chase Petty (CIN - SP) MiLB,,,44.0,34,2,0,5.14,1.51,25,46,20,7,26,4,3,0,0%
McCade Brown,COL,SP,26.7,25,1,0,5.2,1.47,15,27,12,4,9,4,2,0,0%
"Carson Palmquist (COL - SP,RP) MiLB",,,23.7,22,1,0,5.08,1.5,13,24,12,4,18,1,2,0,0%
Sauryn Lao (RP) FA,,,7.2,6,0,0,3.94,1.29,3,7,3,1,5,0,0,0,0%
Elmer Rodriguez (NYY - SP) MiLB,,,8.9,8,0,0,4.05,1.36,4,9,3,1,6,1,0,0,1%
Andry Lara (WSH - RP) MiLB,,,19.5,14,1,0,4.87,1.51,11,21,9,3,13,0,1,0,0%
Anthony Veneziano (RP) FA,,,15.3,13,1,0,4.71,1.6,8,16,9,2,15,1,1,0,0%
Ben Kudrna (KC - SP) MiLB,,,14.6,11,1,0,5.06,1.51,8,16,7,2,8,2,1,0,0%
"Jose Urena (SP,RP) FA",,,37.7,25,2,0,5.01,1.54,21,41,17,7,12,5,3,0,0%
Gabriel Hughes (COL - SP) MiLB,,,26.5,19,1,0,5.03,1.47,15,30,9,4,19,2,2,0,0%
Trent Harris (SF - RP) MiLB,,,7.5,7,0,0,4.44,1.31,4,7,3,1,8,0,0,0,0%
Tanner Rainey (DET - RP) MiLB,,,12.2,12,0,0,4.5,1.42,6,11,7,2,12,0,0,0,0%
Austin Cox (RP) FA,,,13.8,13,1,0,5.22,1.56,8,15,7,3,10,0,1,0,0%
"Blas Castano (SEA - SP,RP) MiLB",,,11.6,9,0,0,4.44,1.38,6,12,4,1,10,0,1,0,0%
Bryce Montes de Oca (WSH - RP) NRI,,,7.5,8,0,0,4.22,1.43,4,6,4,1,8,0,0,0,0%
Beau Burrows (PIT - RP) MiLB,,,13.3,11,1,0,5.08,1.58,8,13,8,2,14,0,1,0,0%
"Carson Ragsdale (SP,RP) FA",,,12.4,11,1,0,5.08,1.61,7,13,8,2,5,1,1,0,0%
Chen Zhong-Ao Zhuang (ATH - SP) MiLB,,,7.7,6,0,0,4.64,1.28,4,8,2,1,8,0,0,0,0%
Anthony Maldonado (HOU - RP) MiLB,,,12.6,13,1,0,5.35,1.59,8,13,8,2,11,0,1,0,0%
K.C. Hunt (TB - SP) MiLB,,,6.2,5,0,0,4.3,1.31,3,6,2,1,6,0,0,0,0%
Angel Perdomo (LAA - RP) MiLB,,,7.7,9,0,0,4.61,1.4,4,6,4,1,7,0,0,0,0%
Riley Cornelio (WSH - SP) MiLB,,,16.3,12,1,0,5.2,1.53,9,17,8,3,10,2,1,0,0%
Tucker Davidson (PHI - RP) MiLB,,,7.3,6,0,0,4.45,1.38,4,7,3,1,7,0,0,0,0%
Jhonathan Diaz (SEA - RP) MiLB,,,6.9,5,0,0,4.49,1.34,3,7,2,1,5,1,0,0,0%
Andrew Sears (DET - SP) MiLB,,,6.0,5,0,0,4.36,1.37,3,6,2,1,6,0,0,0,0%
Vince Velasquez (CHC - SP) MiLB,,,8.7,9,0,0,4.58,1.45,4,8,5,1,8,0,0,0,0%
Guillo Zuniga (RP) FA,,,7.3,6,0,0,4.47,1.39,4,7,3,1,7,0,0,0,0%
Tayron Guerrero (BOS - RP) MiLB,,,28.5,23,1,0,5.05,1.52,16,30,13,4,28,0,1,0,0%
Adisyn Coffey (CWS - RP) MiLB,,,8.0,7,0,0,4.48,1.42,4,8,4,1,8,0,1,0,0%
Bryan Hoeing,SD,RP,6.1,5,0,0,4.5,1.36,3,6,2,1,5,0,0,0,0%
Marc Church (TEX - RP) MiLB,,,26.0,25,1,0,4.98,1.59,14,25,16,3,26,0,2,0,0%
"Jake Woodford (MIL - SP,RP) MiLB",,,19.2,15,1,0,5.17,1.54,11,21,9,3,11,1,1,0,1%
Ben Lively (CLE - SP) MiLB,,,7.5,6,0,0,4.82,1.34,4,8,3,2,2,2,1,0,1%
Omar Cruz (SD - RP) MiLB,,,10.2,10,1,0,5.27,1.71,6,10,8,1,6,1,1,0,0%
Shelby Miller (CHC - RP) IL60,,,0.5,1,0,0,0.0,0.98,0,1,0,0,1,0,0,0,1%
Brody Hopkins (TB - SP) NRI,,,8.5,8,0,0,4.53,1.47,4,8,4,1,2,2,1,0,1%
"Jackson Jobe (DET - SP,RP) IL60",,,7.7,6,0,0,4.57,1.41,4,7,4,1,3,1,0,0,3%
Sem Robberse (STL - SP) MiLB,,,12.3,9,1,0,5.14,1.63,7,14,7,2,10,1,1,0,0%
Nick Hernandez (ATH - RP) NRI,,,8.3,9,0,0,5.04,1.41,5,8,4,1,7,0,0,0,0%
Nestor German (BAL - SP) MiLB,,,2.2,2,0,0,4.04,1.35,1,2,1,1,1,1,0,0,0%
Bradley Blalock (MIA - SP) MiLB,,,20.1,14,1,0,5.21,1.52,12,22,8,3,16,1,1,0,0%
Michael Darrell-Hicks (PIT - RP) MiLB,,,9.7,8,0,0,4.66,1.45,5,10,4,1,9,0,0,0,0%
Robby Ahlstrom (TEX - RP) NRI,,,7.7,7,0,0,4.6,1.47,4,8,4,1,8,0,0,0,0%
Zach Penrod (WSH - RP) MiLB,,,10.0,9,0,0,4.45,1.54,5,10,5,1,10,0,1,0,0%
Alec Marsh (KC - SP) IL60,,,2.3,2,0,0,3.9,1.52,1,3,1,1,1,1,0,0,0%
"Jared Shuster (STL - SP,RP) MiLB",,,11.8,9,1,0,5.34,1.65,7,14,6,2,7,1,1,0,0%
"Cole Irvin (LAD - SP,RP) NRI",,,10.6,7,0,0,4.9,1.39,6,12,3,2,2,2,1,0,2%
Davis Daniel (CIN - SP) NRI,,,18.3,14,1,0,5.42,1.53,11,20,8,4,6,2,2,0,0%
Trenton Denholm (CLE - RP) NRI,,,9.1,6,0,0,4.96,1.38,5,10,3,1,2,2,1,0,0%
Karson Milbrandt (MIA - SP) NRI,,,11.8,10,0,0,4.67,1.5,6,12,6,2,12,0,1,0,0%
Michael Mercado (PHI - RP) MiLB,,,10.3,9,1,0,5.26,1.75,6,10,8,2,6,0,1,0,0%
Sean Reynolds (RP) FA,,,17.1,16,1,0,4.99,1.69,10,15,14,2,13,0,1,0,0%
Pete Hansen (STL - SP) MiLB,,,8.6,6,0,0,4.81,1.45,5,10,3,1,2,2,1,0,0%
"Jose De Leon (SP,RP) FA",,,26.7,25,1,1,5.23,1.61,16,27,16,5,6,6,2,0,0%
Vinny Nittoli (BOS - RP) MiLB,,,4.5,4,0,0,5.56,1.36,3,4,2,1,3,0,0,0,0%
"Valente Bellozo (COL - SP,RP) MiLB",,,12.7,9,0,0,5.05,1.41,7,14,4,2,10,1,1,0,0%
Collin Baumgartner (COL - RP) MiLB,,,4.2,4,0,0,5.12,1.5,2,4,2,1,4,0,0,0,0%
Austin Voth (RP) FA,,,3.9,3,0,0,5.43,1.39,2,4,2,1,4,0,0,0,0%
"Nick Frasso (LAD - SP,RP) MiLB",,,11.2,9,1,0,5.24,1.75,7,12,8,2,11,1,1,0,0%
Marco Gonzales (SD - SP) MiLB,,,7.8,5,0,0,4.96,1.44,4,8,3,1,2,2,0,0,1%
Lucas Sims (CWS - RP) MiLB,,,30.8,30,1,0,5.32,1.55,18,28,20,5,32,0,2,0,0%
Jaden Woods (PIT - RP) MiLB,,,5.2,4,0,0,5.19,1.45,3,5,3,1,5,0,0,0,0%
Wilmer Flores (SP) FA,,,1.5,1,0,0,6.21,1.38,1,2,1,0,1,1,0,0,0%
"Owen White (SP,RP) FA",,,11.8,8,1,0,5.32,1.69,7,13,8,2,6,1,1,0,0%
Levi Wells (BAL - SP) MiLB,,,1.8,2,0,0,5.1,1.7,1,2,1,1,1,1,0,0,0%
Eric Torres (BAL - RP) NRI,,,5.9,6,0,0,5.0,1.56,3,6,4,1,6,0,0,0,0%
Eduardo Salazar (MIN - RP) NRI,,,13.6,11,1,0,5.28,1.69,8,15,8,2,14,0,1,0,0%
Anthony Molina (ATL - RP) MiLB,,,19.2,14,1,0,5.38,1.56,11,22,8,3,11,0,1,0,0%
Jean Cabrera (PHI - SP) MiLB,,,11.8,8,0,0,4.88,1.47,6,12,5,1,3,3,1,0,0%
"Carson Spiers (CIN - SP,RP) MiLB",,,6.9,6,0,0,5.1,1.51,4,8,3,1,2,1,0,0,0%
Sean Sullivan (COL - SP) MiLB,,,8.6,6,0,0,5.27,1.42,5,10,3,1,2,2,1,0,0%
Dale Stanavich (MIA - RP) MiLB,,,3.6,3,0,0,5.01,1.61,2,4,2,0,3,0,0,0,0%
Yoniel Curet (PHI - SP) MiLB,,,10.2,9,0,0,4.95,1.53,6,10,6,1,5,2,1,0,0%
Alexander Alberto (TB - RP) MiLB,,,7.3,6,0,0,5.14,1.51,4,8,3,1,7,0,0,0,0%
Jared Lyons (CIN - SP) MiLB,,,7.9,6,0,0,5.35,1.48,5,8,3,1,2,2,1,0,0%
Casey Lawrence (SEA - RP) MiLB,,,8.3,4,0,0,5.32,1.44,5,10,2,1,2,2,1,0,0%
Carlos Carrasco (ATL - SP) MiLB,,,11.7,9,0,0,5.31,1.49,7,13,4,2,2,2,1,0,0%
Sam Aldegheri (LAA - SP) MiLB,,,27.2,20,1,0,5.32,1.55,16,29,13,4,7,4,2,0,0%
Joel Hurtado (LAA - SP) MiLB,,,9.3,6,0,0,5.18,1.54,5,10,4,1,8,0,1,0,0%
Tommy Henry (ARI - RP) MiLB,,,6.5,6,0,0,5.56,1.62,4,8,3,1,2,2,1,0,0%
Casey Kelly (RP) FA,,,8.7,4,1,0,5.69,1.84,6,11,5,2,5,1,0,0,0%
Dylan Ray (ARI - SP) MiLB,,,9.6,6,0,0,5.43,1.51,6,11,4,1,2,1,0,0,0%
Luis Peralta (COL - RP) MiLB,,,32.1,31,1,0,5.3,1.61,19,33,18,5,33,0,2,0,0%
Dylan Coleman (NYY - RP) MiLB,,,10.2,10,0,0,4.95,1.73,6,9,9,1,11,0,0,0,0%
Logan VanWey (HOU - RP) NRI,,,11.7,11,0,0,5.2,1.67,7,11,8,2,10,0,0,0,0%
Jairo Iriarte (CWS - RP) MiLB,,,13.2,11,0,0,5.19,1.63,8,13,9,2,12,0,1,0,0%
Michael Arias (NYY - RP) MiLB,,,12.5,13,1,0,5.77,2.04,8,12,14,2,11,0,1,0,0%
Bryce Jarvis (ARI - RP) NRI,,,29.0,22,1,0,5.43,1.64,18,31,17,5,18,1,2,0,0%
Antonio Senzatela,COL,"SP,RP",83.8,52,3,0,5.46,1.57,51,103,29,13,45,6,6,0,0%
