Player,Team,Positions,AB,R,HR,RBI,SB,AVG,OBP,H,2B,3B,BB,SO,SLG,OPS,Rost%
Shohei Ohtani,LAD,"SP,DH",572,124,47,111,24,0.283,0.382,162,28,5,92,164,0.598,0.98,100%
Aaron Judge,NYY,"LF,CF,RF,DH",520,110,46,114,9,0.292,0.417,152,26,1,112,160,0.609,1.026,99%
Bobby Witt Jr.,KC,SS,603,101,29,93,34,0.292,0.345,176,38,6,49,114,0.518,0.863,99%
Juan Soto,NYM,"LF,RF",543,109,37,99,21,0.273,0.408,148,25,1,124,121,0.532,0.94,99%
Ronald Acuna Jr.,ATL,RF,540,106,30,80,25,0.282,0.384,152,25,2,88,132,0.504,0.888,99%
Julio Rodriguez,SEA,CF,608,94,30,94,27,0.272,0.324,165,29,3,47,146,0.478,0.802,99%
Jose Ramirez,CLE,"3B,DH",580,91,28,89,33,0.274,0.344,159,33,3,62,76,0.484,0.828,99%
Vladimir Guerrero Jr.,TOR,"1B,DH",579,94,30,97,5,0.295,0.375,171,32,1,74,91,0.513,0.888,99%
Kyle Tucker,LAD,"RF,DH",530,95,30,93,21,0.27,0.368,143,28,2,82,91,0.499,0.867,99%
Elly De La Cruz,CIN,SS,585,94,24,82,41,0.261,0.333,153,31,6,63,174,0.457,0.79,99%
Gunnar Henderson,BAL,SS,584,98,27,86,23,0.273,0.347,159,33,4,67,141,0.483,0.83,99%
Fernando Tatis Jr.,SD,RF,569,98,28,81,25,0.27,0.35,154,29,2,71,129,0.481,0.831,99%
Corbin Carroll,ARI,"CF,RF",542,99,26,81,33,0.259,0.339,140,27,11,65,129,0.493,0.832,99%
Junior Caminero,TB,3B,582,83,37,104,6,0.268,0.318,156,27,1,43,123,0.508,0.826,99%
Kyle Schwarber,PHI,"LF,DH",556,98,42,103,6,0.231,0.346,129,20,1,98,189,0.497,0.843,99%
Nick Kurtz,ATH,1B,523,93,37,96,3,0.261,0.347,136,27,2,71,177,0.527,0.874,98%
Jackson Chourio,MIL,"LF,CF,RF",584,88,24,84,24,0.271,0.316,158,34,4,40,128,0.462,0.779,99%
Brent Rooker,ATH,"LF,RF,DH",574,87,33,97,6,0.264,0.335,151,31,2,61,162,0.498,0.833,99%
Francisco Lindor,NYM,SS,568,94,26,79,24,0.26,0.326,148,29,1,56,118,0.45,0.777,99%
Pete Alonso,BAL,1B,582,85,36,104,2,0.254,0.325,148,29,1,60,150,0.498,0.823,99%
Trea Turner,PHI,SS,579,89,18,71,27,0.282,0.328,164,29,4,41,116,0.44,0.768,97%
Yordan Alvarez,HOU,"LF,DH",472,79,30,86,3,0.293,0.383,138,27,1,69,93,0.548,0.931,99%
Cal Raleigh,SEA,"C,DH",539,86,40,101,8,0.233,0.326,125,22,0,76,168,0.497,0.823,99%
Freddie Freeman,LAD,1B,556,86,23,88,8,0.28,0.355,156,35,2,66,119,0.471,0.826,97%
Pete Crow-Armstrong,CHC,CF,566,83,24,81,33,0.249,0.292,141,29,5,34,148,0.446,0.738,99%
Zach Neto,LAA,SS,562,86,27,77,27,0.253,0.306,142,31,1,43,153,0.453,0.759,84%
Bryce Harper,PHI,1B,535,83,27,87,10,0.272,0.362,145,32,1,76,134,0.488,0.85,97%
Ketel Marte,ARI,"2B,DH",535,88,27,83,6,0.275,0.355,147,29,2,67,101,0.49,0.845,99%
James Wood,WSH,"LF,DH",549,83,26,82,16,0.26,0.349,143,31,2,74,184,0.463,0.811,96%
Mookie Betts,LAD,SS,547,90,22,82,9,0.27,0.349,148,30,3,67,75,0.454,0.803,99%
Jazz Chisholm Jr.,NYY,"2B,3B",518,78,28,78,31,0.241,0.314,125,19,2,56,154,0.446,0.76,99%
Matt Olson,ATL,1B,581,88,30,94,1,0.252,0.342,147,31,1,80,161,0.466,0.807,99%
Manny Machado,SD,3B,575,79,26,89,9,0.265,0.324,152,28,0,52,124,0.452,0.777,99%
Rafael Devers,SF,"1B,DH",567,88,30,92,2,0.253,0.347,143,29,1,83,160,0.463,0.81,96%
Riley Greene,DET,"LF,CF,RF,DH",565,82,28,91,4,0.259,0.326,147,27,3,56,174,0.467,0.794,94%
Wyatt Langford,TEX,"LF,CF",532,84,24,75,22,0.255,0.342,136,28,2,71,142,0.451,0.793,95%
Josh Naylor,SEA,"1B,DH",543,73,22,86,17,0.265,0.326,144,28,0,50,90,0.438,0.763,96%
Austin Riley,ATL,3B,575,82,28,88,2,0.262,0.319,150,29,2,48,163,0.469,0.788,97%
Bo Bichette,NYM,SS,567,76,18,80,6,0.287,0.333,163,31,2,39,100,0.441,0.774,95%
Vinnie Pasquantino,KC,"1B,DH",565,74,27,93,1,0.262,0.325,148,31,1,52,93,0.466,0.791,96%
George Springer,TOR,"LF,CF,RF,DH",516,83,24,73,14,0.26,0.335,134,23,2,59,114,0.452,0.787,97%
Jarren Duran,BOS,"LF,CF",557,83,17,72,23,0.261,0.322,145,35,7,50,144,0.441,0.763,99%
CJ Abrams,WSH,SS,564,82,19,66,31,0.252,0.3,142,30,4,38,119,0.42,0.719,87%
Maikel Garcia,KC,"2B,3B,SS,OF",580,82,13,66,26,0.271,0.333,157,32,4,54,96,0.406,0.738,96%
Byron Buxton,MIN,CF,476,79,28,72,17,0.25,0.309,119,25,4,41,144,0.493,0.802,93%
Cody Bellinger,NYY,"LF,CF,RF",543,78,23,82,11,0.259,0.321,141,25,3,50,92,0.442,0.763,99%
Jackson Merrill,SD,CF,555,77,22,80,7,0.27,0.318,150,31,4,40,116,0.46,0.778,98%
Yandy Diaz,TB,"1B,DH",555,77,20,75,2,0.286,0.352,159,28,1,58,94,0.445,0.797,88%
Brice Turang,MIL,2B,569,81,15,66,29,0.259,0.328,148,25,3,59,132,0.385,0.712,98%
Eugenio Suarez,CIN,3B,541,76,34,94,3,0.234,0.3,127,23,1,51,178,0.471,0.771,94%
Corey Seager,TEX,SS,470,73,27,77,2,0.273,0.355,129,24,0,60,100,0.498,0.853,95%
Teoscar Hernandez,LAD,"LF,RF",528,72,26,85,6,0.258,0.306,136,27,1,37,153,0.469,0.775,89%
Jeremy Pena,HOU,SS,549,76,17,68,17,0.274,0.318,150,28,2,36,107,0.423,0.74,88%
Randy Arozarena,SEA,"LF,CF",568,84,23,75,24,0.233,0.312,132,27,1,65,170,0.404,0.716,94%
Geraldo Perdomo,ARI,SS,551,86,13,66,20,0.266,0.355,146,28,4,77,85,0.4,0.755,98%
Michael Harris II,ATL,CF,532,68,20,71,18,0.269,0.302,143,26,3,25,110,0.447,0.749,90%
Roman Anthony,BOS,"LF,CF,RF",521,85,18,68,10,0.269,0.363,140,31,3,78,149,0.441,0.804,98%
Christian Yelich,MIL,"LF,DH",515,75,20,75,16,0.259,0.339,133,22,1,64,141,0.417,0.757,94%
Seiya Suzuki,CHC,"LF,RF,DH",518,74,25,82,7,0.256,0.336,132,26,3,63,148,0.46,0.796,93%
Trevor Story,BOS,SS,543,73,20,74,22,0.249,0.294,136,26,1,35,158,0.414,0.708,67%
Jose Altuve,HOU,"2B,LF,DH",553,78,20,70,12,0.264,0.325,146,26,1,51,106,0.423,0.748,98%
William Contreras,MIL,"C,DH",527,78,19,77,6,0.267,0.354,141,28,1,70,117,0.436,0.789,99%
Willy Adames,SF,SS,573,81,26,82,12,0.234,0.317,134,26,1,70,163,0.421,0.738,90%
Andy Pages,LAD,"LF,CF,RF",525,72,23,78,10,0.257,0.304,135,28,2,36,127,0.45,0.754,86%
Taylor Ward,BAL,LF,556,79,27,83,5,0.242,0.322,134,26,2,65,154,0.441,0.762,90%
Hunter Goodman,COL,"C,DH",508,68,28,83,2,0.256,0.302,130,28,3,34,144,0.485,0.788,92%
Michael Busch,CHC,1B,514,77,27,79,3,0.249,0.327,128,26,3,60,145,0.465,0.792,83%
Jacob Wilson,ATH,SS,531,71,12,67,6,0.297,0.336,158,31,1,31,47,0.424,0.76,85%
Tyler Soderstrom,ATH,"1B,LF",519,70,25,81,5,0.257,0.32,133,27,1,49,134,0.456,0.777,93%
Shea Langeliers,ATH,C,472,69,28,78,5,0.254,0.31,120,25,1,39,118,0.491,0.802,98%
Nico Hoerner,CHC,2B,570,75,7,58,26,0.278,0.326,159,28,3,40,59,0.377,0.702,98%
Jo Adell,LAA,"CF,RF",515,68,31,83,9,0.236,0.289,121,22,2,39,153,0.463,0.752,75%
Alex Bregman,CHC,3B,565,81,22,79,2,0.254,0.332,144,28,1,67,91,0.424,0.756,99%
Ezequiel Tovar,COL,SS,580,75,20,73,8,0.263,0.3,152,34,4,31,154,0.437,0.737,46%
Oneil Cruz,PIT,CF,480,71,22,65,29,0.236,0.318,113,23,3,57,163,0.436,0.753,88%
Brandon Nimmo,TEX,"LF,CF",549,80,21,72,9,0.252,0.323,138,25,2,59,137,0.421,0.743,89%
Matt Chapman,SF,3B,538,80,24,76,9,0.239,0.326,128,28,2,70,152,0.429,0.756,90%
Ian Happ,CHC,LF,551,81,22,77,8,0.241,0.338,133,30,1,80,150,0.419,0.756,86%
Alec Burleson,STL,"1B,LF,RF,DH",526,65,20,73,6,0.272,0.323,143,25,1,40,82,0.437,0.76,85%
Ceddanne Rafaela,BOS,"2B,CF",529,71,17,65,21,0.255,0.289,135,29,4,26,121,0.416,0.706,79%
Dansby Swanson,CHC,SS,566,76,21,73,16,0.241,0.305,136,25,2,52,158,0.403,0.708,66%
Lawrence Butler,ATH,"CF,RF",510,73,21,68,19,0.243,0.31,124,26,2,50,148,0.426,0.736,62%
Steven Kwan,CLE,LF,573,80,9,55,18,0.275,0.341,158,27,3,57,58,0.378,0.719,92%
Heliot Ramos,SF,"LF,CF,RF",553,74,21,73,6,0.255,0.312,141,24,2,46,146,0.42,0.732,50%
Spencer Torkelson,DET,1B,544,76,27,82,2,0.235,0.317,128,28,1,66,160,0.438,0.755,68%
Luis Robert Jr.,NYM,CF,481,66,20,65,30,0.236,0.293,113,20,1,40,147,0.406,0.699,64%
Ivan Herrera,STL,"C,DH",474,67,18,67,9,0.271,0.348,129,22,1,56,108,0.432,0.78,50%
Gleyber Torres,DET,2B,558,79,18,69,6,0.259,0.343,144,26,1,72,110,0.403,0.746,77%
Salvador Perez,KC,"C,1B,DH",541,61,26,87,0,0.251,0.29,136,25,1,30,121,0.451,0.74,94%
Ben Rice,NYY,"C,1B,DH",463,71,26,73,4,0.246,0.323,114,23,2,53,113,0.472,0.795,98%
Luis Arraez,SF,"1B,2B,DH",568,69,5,57,8,0.302,0.34,171,28,3,33,26,0.391,0.731,73%
Luke Keaschall,MIN,2B,475,67,11,58,24,0.267,0.337,127,26,2,51,91,0.4,0.737,89%
Bryan Reynolds,PIT,"LF,CF,RF,DH",564,73,19,74,5,0.253,0.32,143,29,3,55,153,0.417,0.737,76%
Adolis Garcia,PHI,RF,519,67,24,78,11,0.236,0.288,122,25,1,38,148,0.43,0.718,37%
Ozzie Albies,ATL,2B,544,70,18,70,11,0.251,0.308,137,27,2,44,89,0.407,0.715,94%
Willson Contreras,BOS,1B,489,69,21,74,5,0.25,0.323,122,25,1,52,142,0.442,0.765,60%
Bryson Stott,PHI,"2B,SS",510,67,13,60,23,0.256,0.322,131,23,3,50,95,0.388,0.71,61%
Jonathan Aranda,TB,1B,490,68,20,71,1,0.264,0.338,129,24,1,56,139,0.433,0.771,47%
Brenton Doyle,COL,CF,514,66,18,64,20,0.246,0.295,127,23,3,36,150,0.409,0.705,50%
Munetaka Murakami,CWS,"1B,3B",482,70,28,75,9,0.223,0.326,107,16,1,75,187,0.44,0.767,60%
Alec Bohm,PHI,"1B,3B",521,64,14,72,3,0.274,0.322,143,27,2,37,89,0.417,0.739,47%
Xavier Edwards,MIA,"2B,SS",523,69,4,46,27,0.28,0.342,147,22,4,49,80,0.36,0.701,77%
Xander Bogaerts,SD,SS,516,67,13,60,16,0.264,0.325,136,26,1,47,102,0.395,0.72,29%
Drake Baldwin,ATL,C,479,64,19,73,1,0.263,0.331,126,22,1,49,97,0.439,0.77,92%
Jake Burger,TEX,1B,505,64,26,76,2,0.242,0.284,122,23,1,29,135,0.445,0.729,11%
Masyn Winn,STL,SS,569,74,14,64,12,0.253,0.305,144,29,3,42,112,0.387,0.692,32%
Otto Lopez,MIA,"2B,SS",525,64,12,62,16,0.264,0.315,139,25,3,39,86,0.39,0.705,56%
Mickey Moniak,COL,"LF,CF,RF",435,60,20,64,9,0.261,0.3,114,21,5,24,116,0.471,0.771,10%
Luis Garcia,WSH,2B,469,58,15,63,14,0.268,0.31,126,24,2,28,79,0.426,0.736,51%
Jakob Marsee,MIA,"LF,CF",499,71,13,54,33,0.234,0.322,117,23,4,66,125,0.371,0.693,78%
Marcus Semien,NYM,2B,537,74,19,69,9,0.24,0.309,129,22,2,53,98,0.395,0.704,78%
Christian Walker,HOU,1B,514,67,25,78,3,0.234,0.296,120,22,1,46,146,0.427,0.723,67%
Kerry Carpenter,DET,"LF,RF,DH",438,61,23,70,2,0.255,0.301,112,19,3,30,113,0.472,0.773,46%
Daulton Varsho,TOR,"LF,CF",491,70,25,74,8,0.225,0.286,110,22,3,42,139,0.435,0.721,38%
Will Smith,LAD,C,424,68,19,67,2,0.26,0.348,110,21,1,57,96,0.454,0.802,97%
Yainer Diaz,HOU,"C,DH",488,59,19,67,1,0.272,0.303,133,24,1,22,89,0.442,0.745,81%
Sal Stewart,CIN,1B,441,60,18,65,7,0.266,0.325,117,24,0,38,94,0.446,0.771,45%
Kyle Stowers,MIA,"LF,CF,RF",464,62,23,72,4,0.246,0.316,114,22,2,49,145,0.448,0.764,74%
Brandon Lowe,PIT,2B,478,66,23,70,4,0.244,0.306,116,22,1,43,134,0.438,0.744,65%
Agustin Ramirez,MIA,"C,DH",474,63,19,66,13,0.245,0.301,116,26,1,38,102,0.424,0.726,88%
Kazuma Okamoto,TOR,"1B,3B",479,62,23,73,2,0.247,0.319,118,24,0,52,105,0.445,0.763,76%
Daylen Lile,WSH,"LF,RF",495,65,11,59,14,0.267,0.315,132,26,8,35,97,0.418,0.733,46%
Wilyer Abreu,BOS,"LF,CF,RF",436,62,20,68,8,0.247,0.326,108,23,1,51,121,0.448,0.774,48%
Jorge Polanco,NYM,"2B,3B,DH",456,62,21,70,5,0.248,0.319,113,21,0,48,104,0.435,0.754,50%
Ramon Laureano,SD,"LF,CF,RF",462,64,19,65,8,0.248,0.303,115,22,3,37,134,0.432,0.735,31%
Jordan Beck,COL,"LF,RF",500,63,16,60,16,0.249,0.309,125,25,4,44,156,0.412,0.721,12%
Mike Trout,LAA,"CF,RF,DH",433,67,24,66,3,0.235,0.342,102,17,2,70,155,0.451,0.793,76%
Carlos Correa,HOU,"3B,SS",492,64,16,65,0,0.266,0.331,131,24,1,48,109,0.418,0.748,32%
Marcell Ozuna,PIT,DH,462,63,22,70,0,0.246,0.339,114,20,0,65,127,0.43,0.769,21%
Matt McLain,CIN,2B,498,69,17,59,17,0.235,0.308,117,23,2,53,157,0.393,0.701,48%
Andrew Vaughn,MIL,1B,495,59,19,73,1,0.252,0.305,125,25,1,39,107,0.42,0.725,28%
Brendan Donovan,SEA,"2B,SS,LF",504,67,12,58,5,0.269,0.333,136,27,1,48,77,0.403,0.736,73%
Nolan Schanuel,LAA,1B,509,69,13,58,6,0.263,0.347,134,23,1,65,81,0.39,0.736,13%
Noelvi Marte,CIN,"3B,RF",460,60,16,59,14,0.253,0.3,116,22,2,31,111,0.411,0.711,59%
Caleb Durbin,BOS,"2B,3B",470,62,10,54,21,0.257,0.309,121,25,2,35,57,0.382,0.691,49%
Royce Lewis,MIN,3B,461,57,19,65,11,0.246,0.302,113,23,0,37,107,0.424,0.726,30%
Chandler Simpson,TB,"LF,CF",416,54,1,33,41,0.284,0.325,118,15,3,25,48,0.344,0.669,53%
Jung Hoo Lee,SF,CF,517,66,9,56,9,0.269,0.327,139,29,6,44,63,0.401,0.728,36%
Adley Rutschman,BAL,C,492,66,17,66,1,0.252,0.336,124,25,1,62,89,0.415,0.751,83%
Ernie Clement,TOR,"1B,2B,3B,SS",525,65,10,58,8,0.267,0.299,140,28,2,25,58,0.387,0.687,68%
Trent Grisham,NYY,CF,447,71,24,63,5,0.222,0.323,99,17,1,67,131,0.422,0.745,36%
Jackson Holliday,BAL,"2B,SS",458,68,14,53,13,0.25,0.327,114,22,2,51,112,0.4,0.727,63%
TJ Friedl,CIN,"LF,CF",513,71,14,56,12,0.244,0.323,125,21,3,60,100,0.375,0.698,24%
Andres Gimenez,TOR,"2B,SS",510,63,11,56,20,0.247,0.292,126,23,2,32,98,0.368,0.66,9%
Sal Frelick,MIL,"LF,CF,RF",478,63,8,52,16,0.265,0.325,127,21,3,42,74,0.374,0.699,40%
Miguel Vargas,CWS,"1B,3B",504,70,17,64,7,0.236,0.318,119,28,2,60,108,0.403,0.72,21%
Josh Bell,MIN,"1B,DH",480,61,20,66,1,0.248,0.327,119,21,1,56,101,0.418,0.744,5%
Kyle Manzardo,CLE,"1B,DH",452,58,23,69,2,0.238,0.313,107,23,1,50,119,0.444,0.757,17%
Addison Barger,TOR,"3B,LF,RF",454,61,19,66,4,0.243,0.306,110,26,1,41,119,0.43,0.736,42%
Colson Montgomery,CWS,"3B,SS",506,66,24,73,3,0.22,0.286,111,20,2,48,168,0.406,0.692,53%
Nolan Arenado,ARI,3B,510,60,16,68,3,0.251,0.304,128,24,1,38,78,0.397,0.701,19%
Colton Cowser,BAL,"LF,CF,RF",435,61,19,60,13,0.231,0.306,101,21,1,47,156,0.418,0.723,10%
Ryan O'Hearn,PIT,"1B,LF,RF,DH",460,61,14,59,3,0.265,0.333,122,23,1,48,97,0.412,0.745,26%
Colt Keith,DET,"1B,2B,3B,DH",453,62,15,59,3,0.261,0.327,118,22,3,44,105,0.422,0.748,13%
"Konnor Griffin (PIT - SS,CF) MiLB",,,389,57,11,50,20,0.257,0.303,100,17,2,26,109,0.392,0.695,57%
"Dylan Crews (WSH - CF,RF) MiLB",,,442,58,14,54,21,0.239,0.294,106,18,3,34,106,0.391,0.685,36%
Isaac Paredes,HOU,3B,427,61,20,64,1,0.243,0.332,104,19,1,56,83,0.432,0.764,61%
Willi Castro,COL,"2B,3B,LF,RF",459,65,12,50,14,0.254,0.316,116,22,4,41,116,0.402,0.718,18%
Josh Lowe,LAA,"LF,CF,RF",439,57,14,52,22,0.24,0.302,105,23,2,38,130,0.404,0.706,4%
Matt Wallner,MIN,"LF,RF",409,59,22,63,5,0.23,0.313,94,21,2,49,144,0.453,0.766,5%
Kevin McGonigle,DET,SS,416,59,14,53,9,0.258,0.331,107,23,3,47,69,0.421,0.752,39%
Brandon Marsh,PHI,"LF,CF",422,58,13,54,11,0.256,0.329,108,21,3,47,134,0.412,0.74,4%
Jac Caglianone,KC,"1B,RF",435,57,19,62,3,0.245,0.305,107,19,1,37,106,0.429,0.734,54%
Alejandro Kirk,TOR,C,427,52,14,62,1,0.27,0.343,115,19,0,47,59,0.421,0.764,61%
Jeff McNeil,ATH,"2B,LF,CF,RF",478,61,12,57,4,0.261,0.322,125,25,3,43,67,0.404,0.726,10%
Justin Crawford,PHI,CF,413,57,6,41,23,0.27,0.323,111,19,3,34,97,0.373,0.696,14%
"Jordan Westburg (BAL - 2B,3B) D10",,,378,56,17,54,4,0.26,0.308,98,19,2,26,93,0.458,0.766,36%
Josh Jung,TEX,3B,480,56,17,62,4,0.248,0.291,119,23,1,29,131,0.405,0.696,6%
Evan Carter,TEX,"LF,CF,RF",402,58,12,48,20,0.24,0.318,96,18,3,47,103,0.391,0.709,9%
Gabriel Moreno,ARI,C,383,51,11,53,4,0.277,0.346,106,20,1,40,73,0.416,0.762,27%
J.T. Realmuto,PHI,C,434,55,14,54,7,0.252,0.301,110,21,2,31,115,0.408,0.71,25%
Joey Ortiz,MIL,SS,494,61,10,54,13,0.244,0.3,121,25,3,39,93,0.371,0.671,2%
Harrison Bader,SF,"LF,CF,RF",437,56,13,51,13,0.246,0.295,108,19,1,31,114,0.386,0.681,4%
JJ Wetherholt,STL,"2B,3B,SS",445,59,11,50,12,0.251,0.324,111,22,1,50,89,0.376,0.7,54%
Mark Vientos,NYM,"3B,DH",413,52,19,62,1,0.243,0.299,100,19,1,33,119,0.435,0.734,7%
Spencer Horwitz,PIT,1B,421,58,11,54,2,0.264,0.346,111,26,1,53,85,0.407,0.753,3%
Max Muncy,LAD,3B,366,57,20,61,3,0.224,0.339,82,15,1,63,106,0.438,0.776,35%
Jake Cronenworth,SD,"1B,2B,SS",505,66,14,59,4,0.235,0.319,119,25,2,63,115,0.376,0.695,14%
Giancarlo Stanton,NYY,"LF,RF,DH",360,47,24,65,0,0.228,0.302,82,13,0,39,128,0.464,0.765,38%
Connor Norby,MIA,3B,433,56,14,53,9,0.244,0.298,106,22,2,33,125,0.399,0.697,1%
Brooks Lee,MIN,"2B,3B,SS",500,56,14,60,4,0.246,0.295,123,23,1,35,93,0.382,0.676,8%
Andrew Benintendi,CWS,"LF,DH",443,54,16,57,3,0.248,0.313,110,19,1,42,85,0.401,0.715,4%
Cedric Mullins II,TB,CF,407,54,14,51,20,0.225,0.296,92,19,2,42,103,0.382,0.679,8%
Samuel Basallo,BAL,C,382,50,19,57,3,0.242,0.304,92,19,1,34,104,0.441,0.745,37%
Jorge Soler,LAA,"RF,DH",419,56,21,60,1,0.227,0.307,95,19,0,49,129,0.423,0.73,3%
Chase Meidroth,CWS,"2B,3B,SS",470,64,7,43,13,0.253,0.335,119,19,1,58,82,0.346,0.681,5%
"Lars Nootbaar (STL - LF,CF,RF) IL10",,,431,60,14,51,5,0.243,0.334,105,21,2,59,100,0.402,0.736,3%
Ryan Jeffers,MIN,"C,DH",438,56,15,57,2,0.245,0.317,107,23,1,47,104,0.406,0.723,7%
Austin Hays,CWS,"LF,DH",420,54,14,54,6,0.246,0.297,103,22,2,31,113,0.411,0.707,2%
Nolan Gorman,STL,"2B,3B,DH",452,57,21,64,3,0.215,0.294,97,18,1,50,163,0.401,0.695,4%
Jesus Sanchez,TOR,"LF,CF,RF",374,51,14,50,9,0.246,0.31,92,18,2,35,98,0.42,0.729,2%
J.P. Crawford,SEA,SS,497,64,11,53,5,0.242,0.33,120,23,1,66,109,0.357,0.687,8%
Victor Scott,STL,CF,462,57,7,41,34,0.223,0.285,103,18,3,40,114,0.319,0.604,5%
Brett Baty,NYM,"2B,3B",398,51,16,53,5,0.243,0.307,97,15,1,36,108,0.409,0.716,8%
Jonathan India,KC,"2B,3B,LF,DH",445,61,11,50,6,0.245,0.324,109,24,1,52,97,0.383,0.707,14%
Anthony Volpe,NYY,SS,413,53,13,49,17,0.229,0.288,95,21,3,35,111,0.389,0.677,7%
Jordan Walker,STL,"LF,RF",462,53,14,55,9,0.235,0.293,109,23,2,38,134,0.386,0.679,2%
Lourdes Gurriel Jr.,ARI,LF,371,45,12,51,6,0.263,0.308,98,19,1,24,64,0.423,0.731,3%
Cam Smith,HOU,RF,443,56,12,52,8,0.242,0.307,107,21,3,42,128,0.378,0.685,5%
Josh Smith,TEX,"1B,3B,SS,LF,RF",452,61,10,46,9,0.245,0.317,111,22,2,49,98,0.368,0.685,12%
Francisco Alvarez,NYM,C,369,50,19,56,1,0.235,0.306,87,15,1,38,108,0.434,0.74,21%
Spencer Steer,CIN,"1B,LF",387,51,14,54,7,0.238,0.313,92,19,1,42,93,0.407,0.72,14%
Tyler O'Neill,BAL,"LF,RF",346,49,18,52,5,0.233,0.312,81,14,1,40,111,0.439,0.751,2%
Tommy Edman,LAD,"2B,3B,CF",399,53,12,49,8,0.243,0.293,97,19,2,29,77,0.392,0.686,8%
Brady House,WSH,3B,469,51,13,55,6,0.242,0.278,113,21,1,23,138,0.374,0.652,2%
Jake Meyers,HOU,CF,405,52,9,43,13,0.25,0.31,101,19,2,35,92,0.373,0.683,1%
Gavin Sheets,SD,"1B,LF,RF,DH",428,49,15,56,2,0.24,0.302,103,22,1,38,94,0.397,0.699,5%
Austin Wells,NYY,C,389,49,18,57,4,0.225,0.291,87,19,1,37,108,0.414,0.705,19%
Dominic Canzone,SEA,"LF,RF",377,47,15,51,4,0.243,0.299,92,17,1,30,95,0.415,0.715,4%
Lane Thomas,KC,"CF,RF",363,49,12,46,14,0.234,0.296,85,18,2,33,105,0.394,0.691,1%
Jordan Lawlar,ARI,3B,387,51,9,44,16,0.238,0.304,92,22,3,37,115,0.383,0.686,12%
Isaac Collins,KC,"LF,RF",368,51,8,44,15,0.242,0.332,89,19,3,49,87,0.376,0.708,2%
Chase DeLauter,CLE,"CF,RF",412,51,13,50,3,0.244,0.314,101,22,1,41,84,0.395,0.709,12%
Trevor Larnach,MIN,"LF,RF,DH",379,50,13,50,3,0.247,0.324,93,18,1,43,99,0.408,0.732,3%
Mike Yastrzemski,ATL,"LF,CF,RF",404,55,15,51,4,0.229,0.315,92,20,2,50,106,0.41,0.725,4%
Jake McCarthy,COL,"LF,CF,RF",335,47,6,34,15,0.267,0.317,90,14,4,24,61,0.394,0.711,1%
Marcelo Mayer,BOS,"2B,3B",393,50,11,48,6,0.243,0.3,96,22,2,31,101,0.401,0.701,8%
Ke'Bryan Hayes,CIN,3B,463,51,9,47,11,0.243,0.294,112,19,2,34,101,0.352,0.646,1%
Logan O'Hoppe,LAA,C,409,47,18,52,2,0.231,0.284,94,14,1,30,126,0.408,0.692,6%
Joc Pederson,TEX,DH,337,48,16,49,3,0.232,0.321,78,14,1,44,89,0.43,0.751,1%
Dylan Beavers,BAL,"LF,RF",337,48,11,42,10,0.242,0.331,82,16,2,45,93,0.402,0.733,3%
Jared Triolo,PIT,"1B,2B,3B,SS",413,52,8,43,12,0.242,0.319,100,20,2,47,104,0.361,0.68,1%
Carson Williams (TB - SS) MiLB,,,390,51,15,49,13,0.209,0.276,82,15,3,36,150,0.376,0.652,2%
Brayan Rocchio,CLE,"2B,SS",424,51,9,46,12,0.235,0.296,100,22,2,37,87,0.356,0.652,1%
Dillon Dingler,DET,C,381,45,13,50,1,0.248,0.297,95,19,2,27,103,0.403,0.699,15%
Luis Rengifo,MIL,"2B,3B,OF",395,46,9,42,11,0.252,0.3,99,15,2,28,77,0.369,0.669,2%
Luisangel Acuna,CWS,2B,372,47,5,33,23,0.247,0.292,92,16,2,23,74,0.338,0.63,3%
Ryan McMahon,NYY,3B,429,54,17,54,3,0.216,0.302,92,18,1,54,153,0.377,0.679,4%
Carter Jensen,KC,C,336,46,12,46,4,0.247,0.322,83,17,3,39,98,0.412,0.734,21%
Parker Meadows,DET,CF,383,52,11,42,12,0.229,0.301,88,15,5,40,107,0.379,0.68,1%
Lenyn Sosa,CWS,"1B,2B",384,41,14,49,2,0.251,0.282,96,16,1,17,88,0.406,0.688,4%
Jose Caballero,NYY,"2B,3B,SS,LF,RF",298,42,6,30,34,0.224,0.301,67,13,1,33,84,0.337,0.638,54%
"Wenceel Perez (DET - CF,RF) MiLB",,,366,48,11,43,9,0.239,0.3,88,16,4,32,85,0.395,0.695,1%
Tyler Stephenson,CIN,C,379,48,14,52,1,0.236,0.311,89,18,1,42,119,0.399,0.711,4%
Bo Naylor,CLE,C,384,50,16,50,4,0.218,0.3,84,19,1,46,107,0.394,0.694,2%
Kyle Teel,CWS,C,340,46,10,41,5,0.249,0.331,85,15,1,43,100,0.386,0.717,13%
Owen Caissie,MIA,"CF,RF",368,46,12,47,4,0.237,0.312,87,19,2,41,129,0.396,0.708,4%
Zach McKinstry,DET,"3B,SS,LF,RF",363,49,8,38,13,0.238,0.303,86,16,5,34,87,0.373,0.676,11%
Nick Castellanos,SD,RF,336,41,11,45,3,0.249,0.294,84,16,1,21,84,0.406,0.7,5%
Pavin Smith,ARI,"1B,DH",359,47,12,47,2,0.235,0.33,84,18,1,51,104,0.389,0.719,1%
Gavin Lux,TB,"2B,3B,LF,DH",392,49,7,42,3,0.253,0.33,99,21,2,45,97,0.37,0.7,2%
Ha-Seong Kim,ATL,"2B,SS",321,43,8,36,14,0.241,0.323,77,14,1,39,67,0.366,0.688,1%
Carson Benge,NYM,CF,337,45,10,40,8,0.237,0.308,80,15,2,34,80,0.381,0.69,17%
Nick Gonzales,PIT,"2B,SS",365,44,7,42,2,0.26,0.307,95,21,3,25,81,0.395,0.702,1%
Edgar Quero,CWS,"C,DH",387,43,9,45,1,0.254,0.322,98,17,0,39,80,0.369,0.691,1%
Kyle Isbel,KC,CF,399,50,7,40,9,0.239,0.289,95,18,4,28,86,0.361,0.65,0%
Paul Goldschmidt,NYY,1B,314,42,11,40,4,0.249,0.312,78,16,0,29,80,0.405,0.717,4%
Christopher Morel,MIA,LF,325,42,14,43,7,0.223,0.297,73,14,2,34,109,0.408,0.705,1%
Yoan Moncada,LAA,3B,348,44,13,44,1,0.239,0.311,83,17,1,36,105,0.405,0.716,1%
Alek Thomas,ARI,CF,369,45,9,41,7,0.242,0.286,89,18,3,23,92,0.378,0.664,1%
Gabriel Arias,CLE,"2B,SS",400,44,11,45,9,0.227,0.276,91,20,2,27,134,0.372,0.648,1%
Moises Ballesteros,CHC,"C,DH",316,38,9,42,2,0.262,0.323,83,15,1,28,61,0.401,0.723,6%
Tyler Freeman,COL,"2B,RF,DH",276,39,5,29,12,0.275,0.334,76,14,1,25,41,0.389,0.723,1%
Carlos Narvaez,BOS,C,361,44,12,45,3,0.228,0.303,83,18,0,39,107,0.373,0.676,2%
Garrett Mitchell,MIL,"CF,RF",313,42,9,35,13,0.234,0.307,73,14,3,32,102,0.378,0.685,1%
Miguel Andujar,SD,"3B,LF,DH",317,36,8,40,2,0.269,0.31,85,15,1,19,51,0.401,0.711,2%
Mauricio Dubon,ATL,"2B,3B,SS,LF,CF",380,44,6,39,4,0.256,0.295,97,19,1,21,51,0.362,0.657,2%
Max Muncy,ATH,"2B,3B,SS",347,41,11,43,4,0.238,0.286,82,18,1,24,107,0.387,0.673,3%
Denzel Clarke,ATH,CF,349,45,8,36,13,0.229,0.287,80,17,3,28,124,0.366,0.653,1%
Jake Fraley,TB,"LF,RF",319,40,8,36,11,0.241,0.311,77,15,1,32,74,0.37,0.681,0%
Jake Mangum,PIT,"LF,CF,RF",310,35,3,30,13,0.273,0.308,85,16,2,15,55,0.362,0.67,2%
Rhys Hoskins,CLE,1B,327,41,14,46,2,0.221,0.308,72,14,1,41,101,0.401,0.709,2%
Carson Kelly,CHC,C,321,39,12,42,2,0.235,0.309,76,12,1,34,73,0.389,0.698,4%
Nasim Nunez,WSH,"2B,SS",316,39,4,28,26,0.227,0.303,72,10,1,34,82,0.308,0.61,1%
Brooks Baldwin,CWS,"2B,3B,SS,LF,CF,RF",299,36,10,37,6,0.247,0.298,74,13,1,22,75,0.403,0.7,1%
Matt Shaw,CHC,3B,267,37,9,33,11,0.241,0.31,64,12,2,26,59,0.4,0.71,11%
Joey Loperfido,HOU,"LF,CF,RF",323,40,9,39,7,0.234,0.286,76,15,2,24,100,0.377,0.663,1%
Freddy Fermin,SD,C,389,43,9,41,2,0.242,0.292,94,15,1,28,84,0.354,0.646,1%
Sean Murphy,ATL,C,312,40,15,45,0,0.219,0.299,68,13,0,35,96,0.409,0.708,1%
"Bryce Eldridge (SF - 1B,DH) MiLB",,,300,34,13,44,1,0.233,0.299,70,13,0,28,97,0.405,0.703,6%
Jacob Young,WSH,CF,321,39,3,28,18,0.248,0.301,79,14,2,24,65,0.324,0.625,0%
Javier Baez,DET,"2B,3B,SS,CF",342,39,9,41,5,0.235,0.264,80,15,1,14,89,0.366,0.63,8%
Victor Caratini,MIN,"C,1B,DH",310,36,9,39,1,0.252,0.31,78,12,0,26,63,0.384,0.694,1%
Victor Robles,SEA,"LF,CF,RF",274,35,5,28,17,0.244,0.294,67,13,1,19,65,0.356,0.65,1%
Luke Raley,SEA,"1B,LF,CF,RF",299,39,12,39,5,0.222,0.281,66,13,1,25,101,0.391,0.672,0%
Patrick Bailey,SF,C,426,46,9,47,2,0.223,0.284,95,19,2,36,124,0.339,0.622,1%
Nathan Lukes,TOR,"LF,CF,RF",283,37,6,35,3,0.262,0.324,74,14,1,26,49,0.39,0.714,1%
Cole Young,SEA,2B,347,43,7,38,6,0.234,0.311,81,17,2,39,68,0.356,0.667,3%
George Valera,CLE,"LF,RF,DH",333,41,12,40,2,0.223,0.302,74,14,1,37,104,0.381,0.683,0%
Davis Schneider,TOR,"2B,LF",270,38,12,37,4,0.217,0.316,59,12,1,39,90,0.4,0.716,1%
Christian Moore (LAA - 2B) MiLB,,,316,38,10,36,6,0.227,0.298,72,11,2,31,104,0.369,0.667,1%
Edouard Julien,COL,"1B,2B",294,38,9,33,4,0.243,0.343,71,13,1,45,99,0.386,0.729,0%
Keibert Ruiz,WSH,C,330,33,9,39,2,0.246,0.284,81,15,0,17,40,0.369,0.653,1%
Heriberto Hernandez,MIA,"LF,RF,DH",289,37,11,39,3,0.223,0.303,64,13,1,33,98,0.387,0.691,0%
TJ Rumfield (COL - 1B) NRI,,,282,35,7,34,2,0.253,0.317,71,15,1,26,63,0.389,0.705,1%
Carlos Santana,ARI,1B,318,38,10,40,3,0.222,0.304,70,13,0,38,67,0.358,0.662,1%
Zach Cole,HOU,"LF,CF,RF",274,36,10,35,9,0.212,0.282,58,12,2,26,120,0.385,0.666,0%
CJ Kayfus,CLE,"1B,LF,RF",264,34,9,34,3,0.238,0.309,63,14,2,27,83,0.403,0.712,1%
Jake Bauers,MIL,"1B,LF,RF",245,33,11,34,7,0.215,0.309,53,10,1,34,85,0.397,0.706,1%
Danny Jansen,TEX,C,285,37,13,38,1,0.212,0.299,61,12,0,35,78,0.39,0.689,0%
Kody Clemens,MIN,"1B,2B,LF,RF",254,33,11,35,3,0.227,0.286,58,11,2,20,65,0.425,0.711,1%
Griffin Conine,MIA,"LF,RF",307,37,11,39,1,0.222,0.295,68,13,1,32,113,0.377,0.672,0%
Will Benson,CIN,"LF,CF,RF",232,33,10,32,7,0.222,0.304,51,10,2,27,82,0.411,0.715,1%
"JJ Bleday (CIN - LF,CF,RF) MiLB",,,247,34,11,34,2,0.228,0.312,56,13,1,30,66,0.415,0.727,1%
Austin Martin,MIN,"2B,LF,CF",266,35,3,25,11,0.254,0.336,67,14,1,33,52,0.346,0.683,0%
"Jasson Dominguez (NYY - LF,CF) MiLB",,,191,29,7,25,10,0.246,0.321,47,8,1,19,52,0.401,0.722,10%
Matt Vierling,DET,"LF,CF",263,34,7,30,4,0.242,0.304,64,12,1,23,68,0.379,0.682,0%
Starling Marte,KC,"LF,RF,DH",231,29,5,26,7,0.262,0.309,61,10,1,16,54,0.387,0.696,1%
"Romy Gonzalez (BOS - 1B,2B) IL60",,,194,26,6,27,6,0.268,0.31,52,10,1,12,52,0.43,0.739,2%
Graham Pauley,MIA,3B,278,33,9,33,4,0.225,0.294,63,14,1,27,64,0.372,0.667,0%
Jonny DeLuca,TB,"LF,CF,RF",253,30,7,28,10,0.229,0.283,58,11,2,19,58,0.375,0.658,0%
Ramon Urias,STL,"2B,3B",259,30,8,31,2,0.244,0.301,63,12,1,21,64,0.388,0.689,0%
Coby Mayo,BAL,1B,222,30,10,31,2,0.231,0.302,51,10,1,22,66,0.418,0.72,6%
Sung-Mun Song,SD,"2B,3B",259,31,6,29,6,0.237,0.299,62,12,1,23,52,0.359,0.659,1%
Angel Martinez,CLE,"2B,LF,CF",272,33,6,30,5,0.234,0.284,64,14,1,19,63,0.365,0.649,1%
Dane Myers,CIN,"LF,CF,RF",221,28,6,26,9,0.242,0.297,53,9,1,17,62,0.371,0.668,0%
Pedro Pages,STL,C,315,33,9,36,1,0.226,0.278,71,13,1,23,90,0.36,0.639,0%
Edmundo Sosa,PHI,"2B,3B,SS",221,28,7,28,3,0.25,0.283,55,11,2,10,55,0.413,0.696,1%
Tyrone Taylor,NYM,"LF,CF,RF",252,31,6,27,8,0.228,0.269,58,13,2,14,63,0.366,0.634,0%
Michael Massey,KC,"2B,LF",252,28,7,30,2,0.244,0.282,62,12,1,13,50,0.387,0.669,0%
Otto Kemp,PHI,"1B,3B,LF",206,29,7,28,4,0.236,0.294,49,11,1,17,66,0.396,0.69,0%
Ryan Ritter,COL,"2B,SS",223,30,6,26,4,0.249,0.308,55,11,2,19,67,0.397,0.705,0%
Kyle Higashioka,TEX,"C,DH",245,27,10,33,2,0.225,0.273,55,11,1,16,66,0.396,0.669,1%
Andres Chaparro,WSH,1B,242,28,9,32,1,0.23,0.295,56,12,0,22,64,0.396,0.69,0%
Joey Bart,PIT,C,260,30,7,31,1,0.239,0.314,62,11,0,29,81,0.366,0.68,0%
David Hamilton,MIL,"2B,SS",185,26,5,20,18,0.217,0.285,40,7,1,18,53,0.352,0.636,0%
Masataka Yoshida,BOS,"LF,DH",196,24,5,27,2,0.272,0.324,53,11,0,15,29,0.411,0.735,1%
Ezequiel Duran,TEX,"1B,2B,3B,SS,LF",242,28,5,25,8,0.241,0.281,58,13,1,13,63,0.367,0.648,0%
Kyle Karros,COL,3B,236,30,4,25,2,0.258,0.327,61,13,1,24,63,0.383,0.71,0%
Rob Refsnyder,SEA,"LF,CF,RF,DH",204,27,7,27,3,0.239,0.32,49,10,0,24,62,0.394,0.714,0%
Colt Emerson (SEA - SS) MiLB,,,243,30,5,28,5,0.236,0.301,57,12,1,23,60,0.353,0.654,4%
Miguel Amaya,CHC,C,246,28,7,32,1,0.233,0.29,57,12,1,20,59,0.377,0.667,0%
Javier Sanoja,MIA,"2B,3B,SS,LF,CF",213,26,3,24,6,0.26,0.305,55,12,2,14,24,0.384,0.689,2%
Liam Hicks,MIA,"C,1B,DH",260,30,4,29,2,0.241,0.325,63,11,1,33,47,0.341,0.666,1%
Blaze Alexander,BAL,"2B,3B",242,30,6,28,5,0.225,0.292,54,10,1,23,84,0.356,0.648,1%
Luis Campusano,SD,"C,DH",208,27,7,27,1,0.24,0.313,50,9,0,22,48,0.382,0.695,0%
Amed Rosario,NYY,"2B,3B",208,25,4,24,4,0.261,0.295,54,10,1,10,40,0.38,0.675,0%
Oswald Peraza,LAA,"1B,2B,3B,SS",236,28,7,25,9,0.215,0.273,51,9,0,19,68,0.346,0.618,0%
Ryan Mountcastle,BAL,"1B,DH",187,23,7,25,1,0.256,0.303,48,9,0,13,51,0.419,0.722,1%
Sam Haggerty,TEX,"LF,CF",193,26,3,19,11,0.242,0.307,47,9,2,18,48,0.354,0.66,0%
"Colby Thomas (ATH - LF,CF,RF) MiLB",,,185,24,7,26,3,0.236,0.282,44,10,1,12,63,0.418,0.7,0%
Troy Johnston,COL,"1B,LF,RF",177,22,5,22,6,0.254,0.306,45,9,1,13,41,0.399,0.705,0%
Thomas Saggese,STL,"2B,3B,SS",220,26,5,25,3,0.245,0.294,54,11,1,15,61,0.371,0.665,1%
Jeremiah Jackson,BAL,"3B,RF",197,24,7,25,3,0.239,0.277,47,10,1,11,50,0.396,0.674,0%
Casey Schmitt,SF,"1B,2B,3B",210,25,7,27,1,0.239,0.292,50,10,0,16,54,0.392,0.684,0%
Harry Ford (WSH - C) MiLB,,,211,27,5,25,5,0.23,0.317,49,9,0,27,56,0.352,0.668,1%
Everson Pereira,CWS,"LF,CF",189,26,8,24,4,0.222,0.287,42,7,1,17,68,0.392,0.679,0%
Ben Williamson,TB,3B,229,27,3,23,5,0.249,0.301,57,12,1,17,54,0.343,0.644,0%
Henry Davis,PIT,C,235,28,7,27,3,0.22,0.286,52,11,1,22,68,0.363,0.649,0%
Nick Fortes,TB,C,275,29,7,28,2,0.223,0.269,61,11,1,17,54,0.343,0.611,0%
James Outman,MIN,"LF,CF,RF",189,27,7,24,5,0.211,0.291,40,8,1,22,75,0.381,0.672,0%
"Alan Roden (MIN - LF,RF) MiLB",,,185,25,4,21,3,0.253,0.32,47,10,1,18,36,0.376,0.696,0%
Nathaniel Lowe,CIN,1B,186,24,6,26,0,0.244,0.329,45,8,1,23,53,0.398,0.726,1%
Taylor Walls (TB - SS) IL10,,,222,28,4,22,11,0.212,0.291,47,10,1,25,59,0.318,0.61,0%
Dalton Rushing,LAD,C,178,25,7,26,1,0.224,0.307,40,8,0,21,58,0.392,0.699,1%
"Robert Hassell III (WSH - CF,RF) MiLB",,,212,23,4,22,6,0.239,0.296,51,9,0,17,57,0.34,0.636,0%
Daniel Schneemann,CLE,"2B,3B,SS,CF,RF",211,26,6,24,5,0.217,0.295,46,10,1,23,64,0.353,0.648,0%
Triston Casas,BOS,1B,163,22,7,24,0,0.24,0.334,39,8,0,22,46,0.432,0.766,1%
Joe Mack (MIA - C) MiLB,,,216,25,7,27,2,0.22,0.28,47,9,0,18,66,0.367,0.647,1%
Connor Wong,BOS,C,204,24,5,22,3,0.239,0.292,49,10,1,15,56,0.37,0.662,0%
"Abimelec Ortiz (WSH - 1B,OF) MiLB",,,184,23,7,25,1,0.226,0.29,42,8,1,17,54,0.393,0.683,0%
Zack Gelof (ATH - 2B) MiLB,,,168,23,6,21,6,0.221,0.293,37,8,0,17,62,0.384,0.678,0%
Andy Ibanez,ATH,"2B,3B",189,22,5,22,3,0.243,0.297,46,10,1,14,40,0.377,0.674,0%
"Jhostynxon Garcia (PIT - CF,RF) MiLB",,,187,24,6,22,3,0.232,0.284,43,8,1,14,58,0.381,0.665,1%
Jose Trevino,CIN,C,227,24,6,25,1,0.236,0.282,53,10,0,14,38,0.362,0.643,0%
Jose Tena,WSH,"2B,3B",182,21,4,19,6,0.247,0.301,45,9,1,14,51,0.365,0.666,0%
Vaughn Grissom,LAA,2B,182,23,4,19,4,0.246,0.306,45,9,0,16,40,0.362,0.668,0%
Dominic Smith,ATL,1B,195,23,5,23,1,0.24,0.3,47,9,0,17,45,0.364,0.664,0%
David Fry,CLE,DH,181,22,7,24,2,0.221,0.286,40,8,1,16,54,0.384,0.67,0%
Jorge Mateo,ATL,"2B,SS,CF",147,20,3,15,13,0.223,0.268,33,7,1,9,42,0.353,0.621,0%
"Jesse Winker (LF,RF,DH) FA",,,166,22,5,21,3,0.235,0.335,39,7,1,25,43,0.379,0.714,0%
Luis Torrens,NYM,C,202,22,5,24,1,0.237,0.289,48,9,1,15,49,0.37,0.659,0%
Luis Matos,SF,"LF,CF,RF",155,20,5,20,3,0.246,0.291,38,8,0,10,24,0.397,0.688,0%
Darell Hernaiz,ATH,"2B,3B,SS",179,22,2,19,4,0.257,0.315,46,9,1,15,30,0.361,0.676,0%
"Adam Frazier (LAA - 2B,LF,RF) NRI",,,234,25,4,22,4,0.23,0.283,54,10,1,17,48,0.326,0.608,1%
Isiah Kiner-Falefa,BOS,"2B,3B,SS",185,21,2,18,6,0.254,0.291,47,8,1,10,34,0.336,0.626,1%
Travis Bazzana (CLE - 2B) NRI,,,191,27,5,21,4,0.216,0.307,41,9,1,25,63,0.346,0.653,6%
Tyler Locklear,ARI,1B,157,20,5,20,3,0.236,0.301,37,8,1,15,48,0.383,0.683,0%
Esteury Ruiz,MIA,"LF,CF",107,16,3,12,12,0.241,0.31,26,5,1,11,28,0.372,0.681,0%
Blaine Crim,COL,1B,146,19,5,20,1,0.248,0.315,36,7,0,14,37,0.406,0.721,0%
Yohel Pozo,STL,C,162,17,5,20,1,0.251,0.277,41,9,0,6,22,0.391,0.668,0%
"Andrew McCutchen (TEX - RF,DH) NRI",,,178,22,6,21,1,0.227,0.318,40,7,0,24,49,0.37,0.688,1%
Dylan Moore,PHI,"1B,2B,3B,LF,RF",129,20,5,16,8,0.208,0.288,27,6,1,14,45,0.381,0.669,0%
James McCann,ARI,C,179,20,5,22,1,0.236,0.279,42,8,0,11,50,0.375,0.654,0%
Tyler Austin,CHC,"1B,RF",138,19,6,20,0,0.241,0.315,33,8,0,15,40,0.435,0.749,0%
Jahmai Jones,DET,"LF,CF,RF,DH",127,20,4,17,3,0.241,0.325,31,7,1,16,36,0.412,0.738,0%
"Ryan Waldschmidt (ARI - LF,CF,RF) NRI",,,131,20,3,16,5,0.245,0.332,32,6,1,17,33,0.377,0.709,3%
Travis d'Arnaud,LAA,C,197,21,7,24,0,0.217,0.268,43,9,0,14,61,0.378,0.646,0%
Gary Sanchez,MIL,C,147,19,7,23,0,0.22,0.287,32,5,0,14,45,0.409,0.696,0%
"Kristian Campbell (BOS - 2B,CF) MiLB",,,142,19,4,17,2,0.253,0.33,36,6,0,16,40,0.378,0.708,2%
"Tommy Pham (LF,CF,RF) FA",,,158,20,4,18,3,0.24,0.311,38,7,0,16,40,0.366,0.677,0%
"Hyeseong Kim (LAD - 2B,SS,CF) MiLB",,,145,19,2,15,7,0.246,0.291,36,6,1,9,37,0.346,0.637,2%
"Richie Palacios (TB - IF,LF) MiLB",,,165,21,3,16,7,0.228,0.311,38,7,0,20,37,0.331,0.641,0%
Nathan Church,STL,"LF,CF,RF",153,19,3,17,4,0.249,0.299,38,7,1,11,25,0.356,0.655,0%
Jose Fermin,STL,2B,142,19,3,16,6,0.242,0.326,34,8,0,18,21,0.359,0.686,0%
Miguel Rojas,LAD,"2B,3B,SS",161,20,3,17,3,0.251,0.303,40,8,0,12,25,0.363,0.666,1%
Adrian Del Castillo,ARI,"C,DH",160,19,6,21,0,0.23,0.295,37,8,1,15,49,0.392,0.687,0%
Bryce Teodosio,LAA,CF,197,22,3,17,10,0.212,0.257,42,8,2,12,67,0.313,0.569,0%
Nick Yorke,PIT,2B,142,18,3,16,4,0.252,0.307,36,7,1,11,36,0.366,0.674,0%
"Nelson Velazquez (STL - LF,RF,DH) NRI",,,153,19,6,20,2,0.221,0.286,34,7,0,14,45,0.393,0.68,0%
Eli White,ATL,"LF,CF,RF",137,19,4,16,5,0.234,0.286,32,5,1,10,41,0.377,0.663,0%
Jake Rogers,DET,C,178,22,6,23,1,0.211,0.278,37,8,1,17,58,0.372,0.65,0%
"Ronny Mauricio (NYM - 2B,3B) MiLB",,,132,17,4,16,4,0.238,0.289,32,6,0,9,37,0.388,0.678,0%
Alex Call,LAD,"LF,CF,RF",140,20,4,17,2,0.236,0.326,33,7,0,19,31,0.369,0.695,0%
Anthony Santander,TOR,"LF,RF,DH",123,17,6,20,0,0.226,0.302,28,5,0,12,30,0.431,0.733,5%
Hunter Feduccia,TB,C,219,25,4,23,1,0.216,0.304,47,10,1,28,64,0.327,0.631,0%
"Charlie Condon (COL - 1B,OF) MiLB",,,141,17,5,18,1,0.239,0.301,34,6,1,13,46,0.398,0.7,3%
"Enrique Hernandez (LAD - 1B,2B,3B,LF) IL60",,,164,20,5,21,1,0.223,0.279,36,8,0,13,42,0.371,0.65,1%
"Jacob Melton (TB - LF,CF) MiLB",,,128,16,4,15,8,0.219,0.28,28,6,0,11,38,0.358,0.638,0%
Cody Freeman,TEX,2B,160,18,4,18,2,0.241,0.285,38,8,0,10,27,0.37,0.656,0%
Tim Tawa,ARI,"1B,2B,LF,CF",146,18,5,17,4,0.222,0.287,32,7,1,13,42,0.37,0.658,0%
Braxton Fulford (COL - C) MiLB,,,127,17,4,16,2,0.241,0.299,31,7,1,11,40,0.404,0.703,0%
Myles Straw,TOR,"LF,CF,RF",157,20,2,14,7,0.232,0.292,36,7,1,13,34,0.314,0.606,0%
"Eric Wagaman (MIN - 1B,LF) MiLB",,,133,17,4,16,1,0.25,0.301,33,8,0,10,30,0.399,0.7,0%
"Blake Perkins (MIL - LF,CF,RF) MiLB",,,143,18,3,15,6,0.221,0.3,32,6,1,16,44,0.342,0.641,0%
"Jett Williams (MIL - 2B,SS,OF) MiLB",,,129,18,3,15,5,0.222,0.305,29,7,1,15,40,0.371,0.675,1%
"Randal Grichuk (NYY - LF,RF,DH) NRI",,,129,16,5,17,0,0.239,0.287,31,7,0,9,30,0.421,0.709,0%
Will Brennan,SF,"LF,CF,RF",142,15,2,15,3,0.26,0.3,37,7,0,8,22,0.366,0.665,0%
Zac Veen,COL,"LF,RF",117,15,3,14,4,0.244,0.303,29,6,1,10,32,0.392,0.695,1%
Jerar Encarnacion,SF,RF,129,16,5,18,1,0.228,0.291,29,5,0,11,46,0.382,0.673,0%
Brandon Lockridge,MIL,"LF,CF,RF",126,15,1,12,8,0.236,0.298,30,6,1,11,36,0.326,0.624,0%
Carlos Cortes,ATH,"LF,RF",122,15,4,16,1,0.235,0.3,29,6,0,11,29,0.394,0.694,0%
Ryan Vilade,TB,"LF,RF",139,16,3,16,2,0.234,0.296,33,7,1,12,38,0.356,0.652,0%
Leo Rivas,SEA,"2B,SS",130,18,2,13,7,0.217,0.328,28,5,0,22,38,0.303,0.631,0%
Austin Wynns,ATH,C,133,15,4,17,1,0.229,0.279,31,6,0,9,40,0.364,0.643,0%
"Wilmer Flores (1B,DH) FA",,,129,15,4,17,0,0.23,0.294,30,5,0,12,26,0.374,0.667,0%
Tyler Tolbert,KC,"LF,CF",110,14,1,10,10,0.224,0.271,25,5,1,7,31,0.314,0.585,0%
Bryce Johnson,SD,"LF,CF,RF",136,16,2,12,6,0.225,0.29,31,6,1,13,41,0.315,0.605,0%
"Nolan Jones (CLE - LF,CF,RF) MiLB",,,118,15,3,14,3,0.225,0.315,27,6,0,15,40,0.366,0.681,0%
"Max Kepler (LF,RF) FA",,,112,14,4,15,1,0.237,0.306,26,5,0,11,25,0.4,0.706,0%
Michael Conforto (CHC - LF) MiLB,,,121,16,4,16,0,0.221,0.306,27,5,0,15,35,0.375,0.682,0%
Zach Dezenzo,HOU,"LF,RF",115,14,4,14,1,0.231,0.292,27,5,0,10,38,0.377,0.669,0%
Ty France,SD,1B,119,14,3,14,0,0.25,0.298,30,6,0,8,24,0.379,0.677,1%
Derek Hill,CWS,"LF,CF",110,13,3,12,4,0.234,0.281,26,5,1,7,34,0.376,0.657,0%
Ryan Bliss,SEA,2B,98,13,3,11,7,0.217,0.286,21,5,0,10,30,0.349,0.635,0%
"Jon Berti (2B,3B) FA",,,111,14,1,9,7,0.243,0.299,27,4,0,9,26,0.323,0.622,0%
"Mike Tauchman (NYM - LF,CF,RF) NRI",,,115,16,3,13,1,0.23,0.326,27,5,0,16,32,0.352,0.678,1%
Adael Amador (COL - 2B) MiLB,,,103,13,2,12,4,0.246,0.323,25,5,0,12,21,0.371,0.694,0%
Braden Montgomery (CWS - CF) MiLB,,,127,15,3,14,2,0.226,0.289,29,7,0,11,43,0.359,0.647,1%
Johan Rojas (PHI - CF) SUS,,,98,13,1,10,6,0.244,0.289,24,4,1,6,24,0.35,0.639,0%
"Chris Taylor (2B,LF,CF,RF) FA",,,130,16,3,14,3,0.213,0.282,28,6,0,13,47,0.34,0.622,0%
Rowdy Tellez (ATL - 1B) MiLB,,,102,12,5,15,0,0.226,0.285,23,4,0,9,28,0.402,0.687,0%
"Austin Slater (LF,CF,RF) FA",,,112,15,3,12,2,0.231,0.311,26,4,0,13,37,0.359,0.67,0%
Drew Millas,WSH,C,119,13,2,12,3,0.241,0.3,29,5,1,10,22,0.35,0.65,0%
Rafael Marchan,PHI,C,131,15,3,14,1,0.226,0.292,30,6,0,12,25,0.336,0.627,0%
Alex Freeland,LAD,"3B,SS",106,14,3,13,3,0.218,0.308,23,5,0,14,33,0.364,0.672,1%
"Jose Iglesias (2B,3B,SS) FA",,,123,13,1,13,2,0.252,0.292,31,6,0,7,23,0.334,0.626,0%
"Justin Turner (1B,3B) FA",,,113,13,3,13,1,0.239,0.298,27,5,0,9,24,0.359,0.657,0%
Nick Loftin,KC,"2B,3B,LF",119,14,2,13,2,0.239,0.313,28,6,0,13,21,0.354,0.668,0%
Joey Wiemer,WSH,"LF,CF,RF",122,14,4,14,3,0.206,0.278,25,5,0,12,40,0.341,0.618,0%
Andruw Monasterio,BOS,"1B,2B,3B,SS",96,13,2,11,3,0.237,0.309,23,5,0,10,26,0.357,0.665,0%
Oswaldo Cabrera (NYY - 3B) MiLB,,,110,14,3,12,2,0.231,0.292,25,5,0,9,26,0.35,0.643,0%
J.C. Escarra,NYY,C,118,14,3,13,1,0.224,0.295,27,6,0,12,25,0.349,0.645,0%
"Endy Rodriguez (PIT - C,1B) MiLB",,,108,14,2,12,1,0.236,0.302,26,6,1,10,25,0.372,0.674,0%
Curtis Mead,CWS,"1B,2B,3B",94,12,2,11,2,0.244,0.299,23,5,0,7,22,0.369,0.668,0%
Tyler Heineman,TOR,C,122,15,2,13,2,0.223,0.29,27,5,1,12,28,0.325,0.615,0%
Walker Jenkins (MIN - CF) MiLB,,,79,11,2,9,3,0.247,0.327,20,4,0,9,20,0.385,0.711,4%
Brice Matthews,HOU,2B,80,11,3,11,4,0.215,0.297,17,3,0,9,32,0.363,0.66,1%
Drew Gilbert,SF,"CF,RF",101,13,3,12,1,0.225,0.295,23,5,0,10,24,0.362,0.657,0%
"Jack Suwinski (LAD - LF,CF,RF) MiLB",,,88,12,4,12,2,0.204,0.292,18,4,0,11,32,0.388,0.68,0%
Johnathan Rodriguez (CLE - RF) MiLB,,,85,10,3,11,1,0.242,0.308,21,4,0,8,27,0.391,0.699,0%
"Justyn-Henry Malloy (TB - LF,RF,DH) MiLB",,,91,12,3,11,1,0.233,0.332,21,4,0,13,29,0.366,0.698,0%
Jonah Heim,ATL,"C,DH",105,12,3,13,0,0.225,0.283,24,4,0,8,24,0.36,0.643,0%
"Mitch Garver (SEA - C,DH) MiLB",,,100,13,4,13,1,0.202,0.294,20,3,0,13,34,0.357,0.651,0%
Leody Taveras,BAL,"CF,RF",80,10,2,9,4,0.24,0.294,19,3,0,6,19,0.368,0.662,0%
"John Rave (KC - LF,CF,RF) MiLB",,,92,12,2,10,3,0.222,0.295,21,4,1,10,27,0.359,0.654,0%
"Alex Verdugo (SD - LF,RF) MiLB",,,101,12,2,10,1,0.244,0.303,25,5,0,9,17,0.354,0.657,0%
Jimmy Crooks III (STL - C) MiLB,,,96,12,2,12,0,0.237,0.295,23,4,0,8,29,0.358,0.654,0%
"Jason Heyward (LF,RF) FA",,,85,12,3,12,1,0.218,0.284,18,4,1,8,20,0.373,0.657,0%
Nick Allen,HOU,SS,117,13,1,10,3,0.228,0.287,27,5,0,10,26,0.296,0.583,0%
Santiago Espinal,LAD,"2B,3B,LF,RF",111,12,1,11,1,0.247,0.298,27,5,0,8,17,0.331,0.629,0%
"Deyvison De Los Santos (MIA - 1B,3B) MiLB",,,80,9,3,10,1,0.235,0.277,19,3,0,5,22,0.379,0.656,0%
Leo Jimenez,TOR,2B,89,11,2,10,1,0.233,0.296,21,4,0,8,22,0.361,0.657,0%
Aidan Miller (PHI - SS) MiLB,,,60,9,2,7,4,0.226,0.312,14,3,0,7,20,0.357,0.668,2%
"Juan Brito (CLE - 1B,2B) MiLB",,,93,11,2,11,1,0.228,0.307,21,5,0,11,21,0.355,0.662,0%
Reese McGuire,CWS,C,91,10,3,11,1,0.225,0.273,20,4,0,6,23,0.352,0.625,0%
Emmanuel Rodriguez (MIN - CF) MiLB,,,62,11,2,8,2,0.217,0.346,14,3,0,12,26,0.368,0.714,1%
Jorge Barrosa,ARI,"LF,CF",100,12,1,10,2,0.227,0.29,23,5,0,9,25,0.325,0.615,0%
"Orlando Arcia (MIN - 1B,2B,3B,SS) MiLB",,,106,11,3,11,0,0.224,0.277,24,5,0,8,25,0.349,0.625,0%
Maximo Acosta,MIA,"3B,SS",73,9,2,8,3,0.228,0.29,17,3,0,6,21,0.343,0.632,0%
"Christian Encarnacion-Strand (CIN - 1B,3B) MiLB",,,66,8,3,10,0,0.238,0.278,16,3,0,4,19,0.416,0.694,0%
"Alejandro Osuna (TEX - LF,CF,RF) MiLB",,,68,10,1,8,2,0.245,0.32,17,3,0,8,18,0.358,0.679,0%
Brett Harris (ATH - 3B) MiLB,,,92,11,2,10,1,0.229,0.299,21,4,0,9,22,0.351,0.65,0%
Dylan Carlson,CHC,"LF,CF,RF",90,11,2,10,1,0.225,0.306,20,4,0,10,24,0.355,0.662,0%
"Jeimer Candelario (LAA - 1B,3B) NRI",,,107,11,3,12,1,0.205,0.265,22,5,0,9,33,0.348,0.613,1%
"Joshua Baez (STL - LF,CF,RF) MiLB",,,60,7,2,7,4,0.227,0.302,14,3,0,6,17,0.394,0.696,2%
MJ Melendez (NYM - LF) MiLB,,,82,10,3,9,2,0.208,0.276,17,4,0,8,27,0.375,0.651,0%
Jesus Rodriguez (SF - C) MiLB,,,56,8,1,7,2,0.262,0.329,15,2,0,6,11,0.354,0.683,0%
"DJ LeMahieu (1B,2B,3B) FA",,,87,10,2,9,0,0.242,0.315,21,3,0,9,21,0.34,0.656,0%
Michael Helman (TEX - CF) MiLB,,,82,10,2,9,2,0.214,0.262,18,4,0,5,21,0.347,0.609,0%
Heston Kjerstad,BAL,"LF,RF",70,9,3,9,0,0.229,0.287,16,3,0,6,22,0.386,0.673,0%
Christian Koss,SF,"2B,3B,SS",75,9,1,8,2,0.238,0.276,18,4,0,4,19,0.342,0.618,0%
Tyler Fitzgerald (SF - 2B) MiLB,,,68,9,2,8,2,0.223,0.277,15,3,0,5,23,0.371,0.648,0%
Thairo Estrada (2B) FA,,,70,8,2,8,1,0.242,0.276,17,3,0,3,15,0.36,0.636,0%
"Gabriel Rincones (PHI - LF,RF) MiLB",,,57,9,2,8,2,0.218,0.313,12,3,0,8,19,0.372,0.685,0%
Kevin Alcantara,CHC,"CF,RF",59,8,2,8,1,0.23,0.303,14,3,0,6,22,0.364,0.666,0%
"Ildemaro Vargas (ARI - 1B,2B) NRI",,,87,9,1,9,1,0.241,0.284,21,4,1,5,11,0.339,0.623,0%
"Nate Eaton (BOS - 3B,CF,RF) MiLB",,,63,8,1,7,3,0.23,0.279,15,3,0,4,17,0.338,0.618,0%
Daniel Susac,SF,C,78,8,2,9,1,0.228,0.27,18,3,0,5,24,0.346,0.617,0%
"Jarred Kelenic (CWS - LF,CF,RF) NRI",,,78,9,2,8,2,0.216,0.278,17,4,0,7,25,0.356,0.633,0%
"Mark Canha (TEX - LF,RF) NRI",,,75,9,2,8,1,0.228,0.3,17,3,0,8,18,0.339,0.639,0%
Warming Bernabel (WSH - 1B) MiLB,,,78,7,2,8,1,0.246,0.281,19,4,0,4,13,0.356,0.637,0%
Cesar Salazar,HOU,C,94,11,2,10,1,0.204,0.277,19,4,0,9,22,0.306,0.583,0%
Tommy Troy (ARI - 2B) NRI,,,59,8,1,7,2,0.237,0.31,14,3,0,6,15,0.353,0.663,0%
"Alexander Canario (LF,CF,RF) FA",,,71,8,3,8,1,0.215,0.283,15,3,0,7,26,0.364,0.648,0%
"LaMonte Wade Jr. (1B,RF) FA",,,70,9,2,8,0,0.223,0.327,16,3,0,11,19,0.356,0.683,0%
"Chas McCormick (CHC - LF,CF,RF) NRI",,,64,8,2,7,2,0.222,0.286,14,2,0,6,20,0.351,0.637,1%
Braiden Ward (BOS - CF) MiLB,,,51,7,0,4,6,0.244,0.31,12,3,1,5,13,0.342,0.652,0%
Jace Jung (DET - 3B) MiLB,,,73,9,2,9,0,0.217,0.315,16,3,0,10,22,0.351,0.666,0%
Brett Sullivan (COL - C) NRI,,,78,9,1,8,1,0.233,0.286,18,4,1,6,15,0.355,0.641,0%
Korey Lee,CWS,C,76,8,2,8,1,0.22,0.264,17,3,0,5,22,0.344,0.608,0%
Christian Vazquez (HOU - C) NRI,,,81,8,2,8,1,0.219,0.27,18,3,0,6,18,0.32,0.59,0%
Tristan Gray,MIN,"2B,SS",73,8,2,9,0,0.214,0.265,16,4,0,5,23,0.354,0.62,0%
Nelson Rada (LAA - CF) NRI,,,68,8,0,5,4,0.236,0.308,16,3,0,7,18,0.296,0.604,0%
Kyle Farmer,ATL,"1B,2B,3B,SS,DH",71,8,2,8,0,0.227,0.276,16,3,0,5,18,0.345,0.621,0%
"Rafael Flores (PIT - C,1B) MiLB",,,53,6,2,6,1,0.236,0.296,13,2,0,5,16,0.392,0.688,0%
Austin Hedges,CLE,C,120,12,3,11,1,0.184,0.249,22,4,0,10,35,0.292,0.542,0%
"Kyren Paris (LAA - 2B,CF) MiLB",,,55,7,2,6,3,0.197,0.277,11,2,0,6,22,0.318,0.595,0%
Gio Urshela (3B) FA,,,69,7,1,8,0,0.252,0.297,17,4,0,4,14,0.359,0.656,0%
Spencer Jones (NYY - CF) MiLB,,,42,6,2,6,2,0.217,0.287,9,2,0,4,19,0.411,0.698,3%
"Paul DeJong (NYY - 2B,3B,SS) MiLB",,,54,7,2,8,1,0.207,0.258,11,2,0,4,20,0.377,0.635,0%
"Luis Urias (ARI - 2B,3B) MiLB",,,60,7,2,7,0,0.226,0.304,14,2,0,7,12,0.355,0.659,0%
Ryan Kreidler (MIN - CF) MiLB,,,79,9,2,7,3,0.194,0.275,15,4,0,9,28,0.302,0.578,0%
"Kameron Misner (KC - CF,RF) MiLB",,,53,7,2,6,2,0.2,0.294,11,2,0,7,19,0.343,0.637,0%
Tom Murphy (C) FA,,,53,7,2,7,0,0.231,0.294,12,3,0,5,17,0.408,0.702,0%
Hunter Renfroe (RF) FA,,,74,8,2,8,0,0.218,0.281,16,4,0,6,18,0.369,0.65,0%
"Gabriel Gonzalez (MIN - LF,RF) MiLB",,,52,6,1,6,0,0.263,0.314,14,3,0,4,11,0.402,0.716,0%
"Tre' Morgan (TB - 1B,OF) MiLB",,,44,6,1,6,1,0.243,0.332,11,2,0,6,11,0.355,0.687,0%
Jorbit Vivas,WSH,"2B,3B",67,8,1,7,1,0.225,0.305,15,3,0,8,11,0.323,0.628,0%
"Max Anderson (DET - 2B,3B) MiLB",,,37,6,1,6,0,0.256,0.303,10,2,0,3,8,0.372,0.675,0%
"Travis Jankowski (LF,CF,RF) RET",,,59,7,1,5,3,0.221,0.293,13,2,0,6,12,0.279,0.571,0%
Will Wagner,SD,"1B,3B",60,7,1,6,0,0.244,0.317,15,3,0,6,12,0.333,0.65,0%
Jose Siri (LAA - CF) MiLB,,,43,6,2,5,2,0.199,0.252,9,2,0,3,17,0.361,0.613,0%
"Matthew Lugo (LAA - LF,CF) MiLB",,,54,6,2,6,1,0.221,0.263,12,3,0,3,18,0.356,0.619,0%
"Ryan Clifford (NYM - 1B,OF) MiLB",,,44,7,2,7,0,0.208,0.315,9,2,0,7,17,0.378,0.692,0%
Dom Keegan (TB - C) MiLB,,,60,7,2,7,0,0.225,0.285,13,3,0,5,18,0.365,0.649,0%
Tirso Ornelas (SD - LF) MiLB,,,61,7,1,6,1,0.232,0.296,14,3,0,6,14,0.353,0.65,0%
Riley Adams (WSH - C) MiLB,,,67,7,2,8,0,0.213,0.269,14,3,0,5,25,0.358,0.627,0%
Luke Maile (KC - C) NRI,,,64,7,1,7,1,0.215,0.29,14,3,0,7,21,0.323,0.613,0%
"Seth Brown (NYY - 1B,LF,CF,RF) MiLB",,,46,5,2,6,0,0.235,0.293,11,2,0,4,13,0.387,0.68,0%
Trey Sweeney,DET,SS,58,7,1,6,1,0.215,0.283,13,2,0,6,17,0.331,0.614,0%
Brendan Rodgers (BOS - 2B) NRI,,,65,7,1,7,0,0.231,0.283,15,3,0,5,19,0.347,0.63,0%
Brock Wilken (MIL - 3B) NRI,,,50,7,2,7,0,0.196,0.3,10,2,0,7,21,0.345,0.645,0%
"Taylor Trammell (HOU - LF,CF) NRI",,,43,6,2,5,1,0.209,0.302,9,2,0,6,15,0.37,0.672,0%
Kaelen Culpepper (MIN - SS) MiLB,,,41,5,1,4,2,0.25,0.31,10,2,0,4,8,0.363,0.673,1%
Michael Toglia (CIN - 1B) MiLB,,,47,5,2,6,1,0.205,0.28,10,2,0,5,19,0.39,0.67,0%
"Junior Perez (ATH - LF,CF,RF) MiLB",,,47,6,2,5,2,0.199,0.285,9,2,0,6,18,0.352,0.637,0%
"Max Schuemann (NYY - 2B,3B,SS,OF) MiLB",,,48,6,1,4,2,0.218,0.299,11,2,0,6,13,0.316,0.615,0%
"Nick Sogard (BOS - 1B,2B) MiLB",,,48,6,1,5,1,0.238,0.315,11,3,0,5,12,0.325,0.64,0%
Nacho Alvarez Jr. (ATL - 3B) MiLB,,,48,6,1,5,1,0.239,0.311,11,2,0,5,11,0.327,0.638,0%
"Abraham Toro (KC - 1B,2B,3B) NRI",,,52,6,1,5,1,0.237,0.297,12,3,0,4,11,0.371,0.667,1%
"Jared Oliva (SF - CF,RF) NRI",,,36,4,1,4,3,0.228,0.282,8,1,0,3,10,0.357,0.638,0%
Donovan Solano (1B) FA,,,57,5,1,6,0,0.246,0.298,14,2,0,4,14,0.349,0.647,0%
"Grant McCray (SF - LF,CF,RF) MiLB",,,52,6,1,5,2,0.209,0.271,11,2,0,4,18,0.329,0.6,0%
Christian Franklin,WSH,"LF,CF,RF",45,6,1,5,1,0.231,0.314,10,2,0,5,13,0.325,0.639,0%
Jonathon Long (CHC - 1B) MiLB,,,36,5,1,5,0,0.249,0.338,9,1,0,5,9,0.364,0.702,0%
"Yohandy Morales (WSH - 1B,3B) MiLB",,,53,6,1,6,0,0.23,0.286,12,3,0,4,17,0.346,0.632,0%
"Yanquiel Fernandez (NYY - RF,DH) MiLB",,,51,5,2,6,0,0.222,0.271,11,2,0,3,13,0.362,0.633,0%
Kris Bryant (COL - DH) IL60,,,51,6,1,5,0,0.235,0.298,12,2,0,5,15,0.359,0.657,0%
Billy Cook,PIT,CF,48,5,1,5,1,0.221,0.278,11,2,0,4,15,0.352,0.631,0%
"Ji Hwan Bae (NYM - CF,RF) MiLB",,,34,5,0,3,3,0.232,0.311,8,2,0,4,10,0.329,0.639,0%
"DaShawn Keirsey (ATL - LF,CF,RF) MiLB",,,32,4,1,3,3,0.21,0.265,7,1,0,2,10,0.32,0.584,0%
"Orelvis Martinez (WSH - 2B,3B) NRI",,,48,5,2,6,0,0.2,0.265,10,2,0,4,15,0.365,0.629,0%
"Manuel Margot (LF,CF,RF) FA",,,49,5,1,5,0,0.241,0.288,12,2,0,3,10,0.323,0.611,0%
"Jonatan Clase (TOR - LF,CF) MiLB",,,29,4,1,3,2,0.225,0.292,7,2,0,3,9,0.339,0.631,0%
Andrew Knizner,SEA,C,63,7,1,7,0,0.212,0.272,13,2,0,5,15,0.306,0.578,0%
"Ben Gamel (ATL - LF,RF) MiLB",,,44,6,1,5,0,0.223,0.308,10,2,0,6,14,0.353,0.661,0%
Enrique Bradfield Jr. (BAL - CF) MiLB,,,29,4,0,2,4,0.23,0.326,7,1,0,4,8,0.336,0.662,0%
"Jhonkensy Noel (BAL - 1B,RF) NRI",,,36,4,2,5,0,0.219,0.268,8,2,0,2,11,0.441,0.708,0%
Jacob Stallings (C) RET,,,84,8,1,8,0,0.197,0.262,17,3,0,7,26,0.292,0.554,0%
"Tyler Callihan (PIT - 2B,LF) MiLB",,,39,5,1,4,1,0.225,0.29,9,2,0,4,12,0.35,0.64,0%
"Tanner Murray (CWS - 2B,3B,SS,LF,RF) MiLB",,,59,6,1,6,0,0.227,0.267,13,3,0,3,15,0.342,0.608,0%
Drew Waters,KC,"LF,CF,RF",46,6,1,4,1,0.225,0.288,10,2,0,4,15,0.343,0.631,0%
Elias Diaz (KC - C) NRI,,,49,5,1,6,0,0.223,0.276,11,2,0,4,13,0.341,0.616,0%
Jeferson Quero (MIL - C) MiLB,,,35,5,1,5,0,0.225,0.293,8,1,0,3,8,0.348,0.641,0%
Tyler Black (MIL - 1B) MiLB,,,33,4,1,4,2,0.219,0.319,7,1,0,5,10,0.308,0.628,0%
Vidal Brujan,NYM,"3B,SS,OF",40,5,1,4,1,0.222,0.287,9,2,0,4,9,0.313,0.601,0%
"Yuli Gurriel (1B,DH) FA",,,63,6,1,6,1,0.211,0.288,13,3,1,7,12,0.328,0.616,0%
"Josh Rojas (KC - 2B,3B) NRI",,,44,5,1,4,1,0.23,0.301,10,2,0,5,11,0.334,0.635,0%
Max Clark (DET - CF) MiLB,,,24,4,1,3,1,0.245,0.341,6,1,1,3,5,0.44,0.781,4%
Petey Halpin (CLE - CF) MiLB,,,47,5,1,5,1,0.216,0.276,10,2,0,4,15,0.33,0.606,0%
"Payton Eeles (BAL - 2B,SS,LF) MiLB",,,25,4,1,2,2,0.225,0.321,6,1,0,4,6,0.307,0.628,0%
Mason McCoy (SD - SS) MiLB,,,48,5,1,4,2,0.198,0.259,10,2,0,4,16,0.274,0.533,0%
Gavin Cross (KC - RF) NRI,,,41,5,1,4,1,0.219,0.269,9,2,0,3,12,0.351,0.62,0%
Akil Baddoo (MIL - LF) IL60,,,31,4,1,4,1,0.215,0.304,7,2,0,4,10,0.356,0.66,0%
Bob Seymour (1B) FA,,,31,4,1,4,1,0.223,0.287,7,1,0,3,10,0.374,0.662,0%
"Rafael Lantigua (TOR - 2B,3B) MiLB",,,35,5,1,3,1,0.221,0.324,8,2,0,5,8,0.315,0.64,0%
Joey Meneses (ATH - 1B) MiLB,,,42,4,1,5,0,0.241,0.288,10,2,0,3,9,0.367,0.655,1%
"Corey Julks (DET - LF,RF) MiLB",,,37,4,1,3,1,0.236,0.307,9,2,0,4,9,0.357,0.664,0%
Pedro Leon (PHI - RF) MiLB,,,35,4,1,4,2,0.207,0.269,7,2,0,3,12,0.354,0.623,0%
Peyton Wilson (KC - 2B) NRI,,,42,5,1,4,1,0.221,0.288,9,2,0,4,12,0.324,0.613,0%
"Garrett Hampson (CIN - 2B,LF,CF) NRI",,,48,6,0,4,1,0.219,0.283,11,2,0,4,15,0.294,0.577,0%
"Jacob Reimer (NYM - 1B,3B) MiLB",,,32,4,1,4,1,0.235,0.313,7,1,0,4,9,0.383,0.696,0%
Dakota Harris (STL - SS) MiLB,,,40,4,1,4,1,0.233,0.268,9,2,0,2,8,0.329,0.597,0%
Cooper Pratt (MIL - SS) MiLB,,,40,4,1,4,1,0.223,0.293,9,2,0,4,9,0.31,0.603,0%
Leo De Vries (ATH - SS) NRI,,,29,4,1,4,0,0.229,0.296,7,2,0,3,8,0.393,0.689,6%
"Tyler Wade (TEX - 2B,LF,CF) NRI",,,48,6,0,4,2,0.214,0.286,10,2,0,5,14,0.257,0.543,0%
Alex Jackson,MIN,C,42,5,1,5,0,0.205,0.261,9,2,0,3,14,0.365,0.626,0%
CJ Alexander (HOU - 3B) MiLB,,,42,5,1,5,0,0.208,0.258,9,2,0,3,14,0.349,0.607,0%
"Dairon Blanco (TEX - LF,CF,RF) MiLB",,,23,3,0,2,4,0.216,0.267,5,1,0,2,7,0.318,0.585,0%
"Nick Madrigal (LAA - 2B,3B) MiLB",,,40,4,0,4,1,0.256,0.298,10,2,0,2,5,0.341,0.638,0%
"Hao-Yu Lee (DET - 2B,3B) MiLB",,,24,3,1,3,1,0.238,0.313,6,1,0,3,6,0.352,0.665,0%
"Raynel Delgado (TB - 2B,SS) NRI",,,44,4,1,4,2,0.216,0.288,9,2,0,4,11,0.309,0.597,0%
Miles Mastrobuoni,SEA,"2B,3B,LF,RF",40,5,0,3,2,0.227,0.307,9,2,0,5,8,0.302,0.61,0%
Justin Foscue (TEX - 1B) MiLB,,,34,4,1,4,0,0.223,0.289,8,2,0,3,7,0.362,0.652,0%
Anthony Rendon,LAA,3B,35,4,1,3,1,0.225,0.302,8,2,0,4,7,0.33,0.631,0%
Chad Stevens (COL - 2B) MiLB,,,25,3,1,3,1,0.237,0.292,6,1,0,2,8,0.356,0.647,0%
Allan Castro (BOS - CF) MiLB,,,25,3,1,3,1,0.227,0.298,6,1,0,3,7,0.347,0.645,0%
Oscar Gonzalez (LF) FA,,,32,3,1,4,0,0.234,0.263,8,1,0,1,8,0.364,0.627,0%
"Liover Peguero (PHI - 1B,2B,SS) MiLB",,,34,4,1,4,1,0.221,0.275,7,2,0,2,9,0.346,0.621,0%
"Stuart Fairchild (CLE - LF,CF,RF) NRI",,,34,4,1,4,1,0.221,0.283,7,2,0,3,10,0.368,0.651,0%
Brett Wisely,ATL,2B,38,4,1,4,1,0.222,0.287,8,2,0,3,10,0.317,0.605,0%
"Kenedy Corona (NYY - LF,CF,RF) MiLB",,,35,4,1,3,2,0.195,0.269,7,1,0,4,11,0.297,0.565,0%
"Sterlin Thompson (COL - 1B,LF) MiLB",,,26,3,1,3,0,0.255,0.316,7,1,0,2,7,0.376,0.691,0%
"Denzer Guzman (LAA - 3B,SS) MiLB",,,42,4,1,4,1,0.209,0.278,9,2,0,4,14,0.33,0.608,0%
"Dasan Brown (LF,CF) FA",,,39,4,1,3,2,0.195,0.259,8,1,0,3,13,0.297,0.556,0%
Enmanuel Valdez (PIT - 1B) MiLB,,,35,4,1,4,0,0.224,0.297,8,1,0,4,9,0.363,0.66,0%
Mike Boeve (MIL - 1B) MiLB,,,39,4,1,4,0,0.23,0.297,9,1,0,4,11,0.347,0.643,0%
"Jose Miranda (SD - 1B,3B) MiLB",,,43,4,1,4,0,0.226,0.273,10,2,0,3,9,0.336,0.608,0%
"Jack Brannigan (PIT - 3B,SS) MiLB",,,22,3,1,3,1,0.226,0.293,5,1,0,2,7,0.331,0.624,0%
"Sam Antonacci (CWS - 2B,3B) NRI",,,28,4,0,3,1,0.248,0.321,7,1,0,3,6,0.323,0.644,0%
"Oscar Mercado (PHI - LF,RF) MiLB",,,26,3,1,3,1,0.217,0.286,6,1,0,3,6,0.327,0.613,0%
Gustavo Campero (LAA - RF) MiLB,,,26,3,1,3,1,0.24,0.293,6,1,0,2,6,0.343,0.636,0%
"Cameron Cauley (TEX - 2B,SS,OF) MiLB",,,26,3,1,3,1,0.217,0.272,6,1,0,2,8,0.368,0.64,0%
"Charles McAdoo (TOR - 1B,3B) MiLB",,,26,3,1,3,1,0.218,0.275,6,1,0,2,8,0.354,0.629,0%
"Bryan Torres (STL - 2B,LF,CF,RF) MiLB",,,32,4,0,3,1,0.26,0.332,8,2,0,3,6,0.334,0.666,0%
"Aaron Schunk (ATL - 2B,3B,SS) MiLB",,,34,3,1,3,1,0.227,0.278,8,2,0,2,8,0.339,0.616,0%
"Logan Davidson (TB - 1B,3B) NRI",,,43,4,1,4,1,0.205,0.288,9,2,0,5,16,0.314,0.602,0%
Henry Bolte (ATH - RF) NRI,,,23,3,0,2,2,0.247,0.327,6,1,0,3,8,0.36,0.687,0%
"Tim Anderson (2B,SS) FA",,,57,5,0,4,1,0.236,0.269,13,2,0,3,16,0.288,0.557,0%
Rece Hinds (CIN - RF) MiLB,,,23,3,1,3,1,0.233,0.277,5,1,0,1,9,0.395,0.672,0%
"Elehuris Montero (1B,3B) FA",,,24,3,1,3,0,0.232,0.284,6,1,0,2,7,0.387,0.671,1%
"Carlos Perez (HOU - C,1B) NRI",,,29,4,1,4,0,0.212,0.276,6,1,0,3,7,0.377,0.653,0%
Dustin Harris (CWS - LF) MiLB,,,25,3,1,2,1,0.227,0.298,6,1,0,3,7,0.341,0.639,0%
"Kahlil Watson (CLE - LF,CF,RF) MiLB",,,20,3,1,3,1,0.212,0.289,4,1,0,2,7,0.343,0.632,0%
Jared Young,NYM,"1B,LF,DH",27,4,1,3,0,0.216,0.295,6,1,0,3,8,0.359,0.654,0%
Tristan Peters,CWS,CF,31,4,1,3,0,0.226,0.294,7,1,0,3,7,0.321,0.615,0%
Kyle McCann (COL - C) MiLB,,,31,3,1,4,0,0.211,0.28,7,1,0,3,12,0.351,0.631,0%
Bryan De La Cruz (PHI - LF) MiLB,,,31,3,1,4,0,0.232,0.279,7,2,0,2,9,0.36,0.639,0%
Bligh Madris (STL - 1B) MiLB,,,46,5,1,5,1,0.179,0.27,8,2,0,6,15,0.308,0.579,0%
"Jonah Bride (TEX - 1B,3B) MiLB",,,34,4,1,4,0,0.218,0.318,7,2,0,5,9,0.331,0.648,0%
Ralphy Velazquez (CLE - 1B) MiLB,,,34,4,1,4,0,0.221,0.296,7,2,1,4,9,0.433,0.728,1%
"James Triantos (CHC - 2B,LF,CF) MiLB",,,22,3,0,2,1,0.256,0.294,6,1,0,1,4,0.322,0.616,0%
"Will Robertson (BAL - LF,CF,RF) NRI",,,28,3,1,4,0,0.211,0.292,6,1,0,3,11,0.365,0.657,0%
"Esmerlyn Valdez (PIT - 1B,LF,RF) MiLB",,,28,3,1,4,0,0.228,0.287,6,1,0,2,9,0.377,0.663,0%
"Daniel Johnson (MIA - CF,RF) MiLB",,,25,3,1,3,1,0.215,0.26,5,1,0,2,7,0.385,0.645,0%
Jacob Hurtubise (MIL - LF) MiLB,,,33,6,0,2,2,0.195,0.321,6,1,0,6,9,0.286,0.607,0%
Jorge Alfaro (KC - C) NRI,,,29,3,1,3,1,0.208,0.237,6,1,0,1,11,0.313,0.55,0%
"Carter Kieboom (PHI - 1B,2B,3B) MiLB",,,29,3,1,3,1,0.215,0.279,6,1,0,3,7,0.305,0.584,0%
"Jacob Berry (MIA - 2B,3B,RF) MiLB",,,29,3,1,3,1,0.217,0.271,6,1,0,2,7,0.323,0.594,0%
"Shay Whitcomb (HOU - 2B,3B) MiLB",,,26,3,1,3,0,0.22,0.278,6,1,0,2,8,0.415,0.693,0%
Jose Ramos (NYM - RF) MiLB,,,26,3,1,3,0,0.213,0.286,6,1,0,3,10,0.357,0.644,0%
Jhonny Pereda (SEA - C) MiLB,,,34,3,1,3,0,0.223,0.301,8,2,0,4,9,0.307,0.608,0%
"Tyler Nevin (1B,3B,LF,RF) FA",,,20,3,1,2,0,0.242,0.304,5,1,0,2,4,0.389,0.694,1%
"Hector Rodriguez (CIN - LF,RF) MiLB",,,20,3,1,2,0,0.255,0.292,5,1,0,1,4,0.362,0.654,0%
Chadwick Tromp (ATL - C) MiLB,,,43,4,1,4,0,0.203,0.256,9,2,0,3,12,0.305,0.561,0%
"Estevan Florial (LF,CF,RF) FA",,,17,2,1,2,1,0.219,0.291,4,1,0,2,6,0.375,0.666,0%
"Dylan O'Rae (MIL - 2B,CF) MiLB",,,39,4,0,3,2,0.209,0.293,8,1,0,5,11,0.281,0.574,0%
Matt Mervis (WSH - 1B) MiLB,,,33,3,1,4,0,0.199,0.266,7,1,0,3,11,0.365,0.631,0%
"Carson McCusker (LF,RF) FA",,,30,3,1,3,1,0.208,0.274,6,2,0,3,11,0.375,0.648,0%
J.D. Martinez (DH) FA,,,23,3,1,3,0,0.226,0.293,5,1,0,2,7,0.386,0.679,1%
"A.J. Vukovich (ARI - 3B,LF) NRI",,,23,3,1,3,0,0.234,0.285,5,1,0,2,7,0.361,0.646,0%
"Eloy Jimenez (TOR - RF,DH) MiLB",,,27,3,1,3,0,0.24,0.293,6,1,0,2,6,0.362,0.655,0%
Donovan Walton (LAA - 2B) MiLB,,,27,3,1,3,0,0.226,0.287,6,1,0,2,5,0.327,0.613,0%
"Carson Taylor (SEA - C,1B) MiLB",,,27,3,1,3,0,0.205,0.284,6,1,0,3,8,0.325,0.608,0%
"Connor Kaiser (KC - 2B,SS) NRI",,,43,4,1,4,1,0.189,0.277,8,2,0,5,15,0.283,0.56,0%
"Jordyn Adams (MIL - CF,RF) MiLB",,,31,3,1,3,1,0.196,0.265,6,1,0,3,11,0.294,0.558,0%
Cam Devanney (3B) FA,,,31,3,1,3,1,0.208,0.286,6,2,0,3,9,0.324,0.609,0%
"Mickey Gasper (BOS - IF,C) MiLB",,,24,3,1,3,0,0.225,0.308,5,1,0,3,5,0.334,0.642,0%
Victor Mesa Jr. (TB - RF) MiLB,,,28,3,1,3,0,0.232,0.288,6,2,0,2,6,0.364,0.651,0%
Tim Elko (CWS - 1B) MiLB,,,22,2,1,3,0,0.23,0.273,5,1,0,1,7,0.345,0.618,0%
"Edwin Arroyo (CIN - 2B,SS) MiLB",,,28,3,0,3,0,0.248,0.292,7,1,0,2,6,0.339,0.631,0%
Steward Berroa,MIL,"CF,RF",18,2,0,2,2,0.199,0.295,4,1,0,3,6,0.283,0.579,0%
Michael Arroyo (SEA - 2B) MiLB,,,25,3,0,2,1,0.229,0.314,6,1,0,3,6,0.315,0.629,1%
Brian Navarreto (MIA - C) MiLB,,,35,3,1,4,0,0.199,0.253,7,1,0,3,9,0.303,0.556,0%
"Sandro Fabian (LF,RF) FA",,,20,2,1,2,0,0.233,0.271,5,1,0,1,4,0.377,0.648,0%
Jason Vosler (1B) FA,,,20,2,1,2,0,0.229,0.281,5,1,0,1,5,0.381,0.662,0%
"Jordan Diaz (1B,2B,3B) FA",,,20,2,1,2,0,0.243,0.288,5,1,0,1,4,0.399,0.687,0%
Jake Holton (SF - 1B) NRI,,,25,3,1,3,0,0.215,0.29,5,1,0,3,8,0.332,0.622,0%
Willie MacIver (TEX - C) MiLB,,,24,3,0,3,1,0.218,0.277,5,1,0,2,7,0.309,0.586,0%
"Luis Vazquez (BAL - 3B,SS) NRI",,,29,3,1,3,0,0.223,0.277,6,1,0,2,8,0.331,0.608,0%
Nathan Martorella (MIA - 1B) NRI,,,29,3,1,3,0,0.203,0.274,6,1,0,3,7,0.313,0.587,0%
"Kevin Newman (KC - 1B,2B,3B,SS) NRI",,,25,3,0,3,0,0.249,0.286,6,1,0,1,5,0.31,0.596,0%
"Brandon Drury (KC - 1B,2B,3B) NRI",,,27,3,1,2,0,0.207,0.27,6,1,0,2,7,0.31,0.58,0%
Wade Meckler (LAA - CF) MiLB,,,26,3,0,2,1,0.232,0.307,6,1,0,3,6,0.305,0.613,0%
"Blake Dunn (CIN - LF,RF) MiLB",,,26,3,0,2,1,0.231,0.303,6,1,0,3,9,0.306,0.61,0%
Xavier Isaac (TB - 1B) MiLB,,,17,2,1,2,0,0.214,0.292,4,1,0,2,6,0.346,0.639,0%
"Will Wilson (SEA - 2B,3B,SS) MiLB",,,33,3,1,3,1,0.195,0.264,6,1,0,3,9,0.303,0.568,0%
"Cavan Biggio (HOU - 1B,2B,RF) NRI",,,26,3,1,3,0,0.201,0.294,5,1,0,3,8,0.296,0.59,0%
"Nathan Hickey (BOS - C,1B) MiLB",,,26,3,1,3,0,0.2,0.28,5,1,0,3,9,0.327,0.607,0%
"Ronny Simon (PIT - 2B,LF) MiLB",,,20,2,0,2,1,0.239,0.31,5,1,0,2,4,0.346,0.656,0%
Bryan Ramos,BAL,3B,30,3,1,3,0,0.211,0.268,6,1,0,2,8,0.326,0.594,0%
"Jared Serna (MIA - 2B,SS) MiLB",,,29,3,0,3,1,0.219,0.279,6,1,0,2,6,0.294,0.573,0%
"Andrew Pintar (MIA - CF,RF) MiLB",,,29,3,0,3,1,0.214,0.268,6,1,0,2,9,0.292,0.56,0%
Ben Rortvedt,NYM,C,34,3,1,3,0,0.193,0.27,7,1,0,4,10,0.27,0.54,0%
"Luke Williams (ATL - 2B,SS) MiLB",,,26,3,0,2,2,0.195,0.253,5,1,0,2,8,0.293,0.546,0%
Victor Bericoto (SF - 1B) MiLB,,,26,3,0,3,0,0.23,0.283,6,1,0,2,7,0.339,0.622,0%
"Samad Taylor (SD - 2B,RF) MiLB",,,23,3,0,2,1,0.223,0.302,5,1,0,3,6,0.319,0.62,0%
"Cesar Prieto (STL - 2B,3B,SS) MiLB",,,30,3,0,3,0,0.24,0.277,7,2,0,2,5,0.337,0.614,0%
"Edward Olivares (TB - LF,RF) NRI",,,18,2,1,2,0,0.235,0.288,4,1,0,1,4,0.385,0.674,0%
"Eric Brown Jr. (MIL - 2B,SS) MiLB",,,40,4,0,3,1,0.195,0.254,8,2,0,3,10,0.275,0.528,0%
Jair Camargo (ATL - C) MiLB,,,27,3,1,3,0,0.198,0.247,5,1,0,2,10,0.325,0.572,0%
"Rhylan Thomas (SEA - LF,RF) MiLB",,,21,2,0,2,1,0.256,0.299,5,1,0,1,2,0.297,0.596,0%
Arjun Nimmala (TOR - SS) MiLB,,,31,3,1,3,0,0.2,0.255,6,1,0,2,9,0.288,0.543,1%
Vimael Machin (COL - 3B) MiLB,,,18,2,0,2,0,0.258,0.318,5,1,0,2,4,0.331,0.648,0%
"Matt Koperniak (STL - LF,RF) MiLB",,,23,3,0,3,0,0.232,0.282,5,1,0,2,5,0.31,0.592,0%
Anthony Seigler,BOS,3B,14,2,0,2,1,0.21,0.316,3,1,0,2,4,0.296,0.612,0%
"Jared Walsh (1B,RF) FA",,,19,2,1,2,0,0.187,0.251,4,1,0,2,8,0.317,0.568,0%
"Trey Cabbage (1B,LF,RF) FA",,,19,2,1,2,0,0.222,0.278,4,1,0,2,7,0.378,0.656,0%
Justin Dean (CHC - CF) MiLB,,,18,2,0,2,1,0.196,0.274,4,1,0,2,6,0.256,0.53,0%
Nicky Lopez (COL - 3B) MiLB,,,25,3,0,2,0,0.258,0.323,6,1,0,2,4,0.296,0.619,0%
"Nick Maton (3B,DH) FA",,,28,3,1,3,0,0.193,0.298,5,1,0,4,9,0.319,0.617,0%
"Albert Almora Jr. (LF,CF,RF) FA",,,15,2,0,2,0,0.234,0.282,4,1,0,1,3,0.345,0.627,0%
Kemp Alderman (MIA - RF) MiLB,,,15,2,0,2,0,0.251,0.289,4,1,0,1,4,0.343,0.632,0%
Aramis Garcia (ARI - C) MiLB,,,26,3,1,2,0,0.177,0.242,5,1,0,2,10,0.299,0.541,0%
"Connor Joe (SEA - 1B,LF,RF) MiLB",,,26,3,1,2,0,0.209,0.294,5,1,0,3,7,0.324,0.618,0%
"Patrick Wisdom (SEA - 1B,3B,OF) MiLB",,,12,2,1,2,0,0.184,0.262,2,0,0,1,5,0.324,0.586,1%
Mitch Haniger (RF) FA,,,16,2,1,2,0,0.213,0.28,3,1,0,2,5,0.355,0.635,0%
"Jud Fabian (BAL - LF,CF) NRI",,,16,2,1,2,0,0.186,0.271,3,1,0,2,6,0.323,0.594,0%
Ryan Noda (BAL - 1B) NRI,,,25,4,1,2,0,0.167,0.308,4,1,0,5,11,0.323,0.631,0%
"Trey Mancini (LAA - 1B,LF,RF) MiLB",,,22,3,0,2,0,0.217,0.267,5,1,0,1,6,0.315,0.583,2%
"Adam Duvall (LF,CF,RF) FA",,,20,2,1,2,0,0.208,0.263,4,1,0,1,7,0.375,0.637,2%
"Niko Kavadas (LAA - 1B,LF,RF) MiLB",,,20,2,1,2,0,0.184,0.274,4,1,0,2,9,0.346,0.619,0%
"Ben Cowles (CHC - 2B,3B,SS) MiLB",,,19,2,0,2,1,0.218,0.273,4,1,0,1,6,0.314,0.587,0%
"Eduardo Valencia (DET - C,1B,DH) MiLB",,,12,2,0,2,0,0.229,0.272,3,0,0,1,3,0.332,0.604,0%
"Joey Gallo (1B,LF,CF,RF) FA",,,19,3,1,2,0,0.181,0.289,3,1,0,3,8,0.36,0.649,1%
"Blaze Jordan (STL - 1B,3B) MiLB",,,16,2,0,2,0,0.25,0.294,4,1,0,1,2,0.389,0.683,0%
Michael Stefanic (ATH - 2B) NRI,,,16,2,0,2,0,0.266,0.345,4,1,0,2,3,0.345,0.69,0%
Yohendrick Pinango (TOR - LF) MiLB,,,14,1,1,2,0,0.203,0.308,3,1,0,2,4,0.358,0.665,0%
"Dominic Fletcher (PIT - CF,RF) NRI",,,20,2,0,2,0,0.234,0.277,5,1,0,1,5,0.317,0.594,0%
"Braden Shewmake (NYY - 2B,3B,SS) MiLB",,,26,3,0,2,1,0.202,0.264,5,1,0,2,5,0.301,0.565,0%
Christian Cairo (PHI - SS) MiLB,,,26,3,0,2,1,0.204,0.279,5,1,0,3,8,0.278,0.557,0%
"Harold Ramirez (LF,RF,DH) FA",,,14,2,0,1,0,0.258,0.294,4,1,0,1,3,0.357,0.651,1%
"Weston Wilson (BAL - 2B,LF) MiLB",,,17,2,1,2,0,0.198,0.282,3,1,0,2,5,0.322,0.604,0%
"Ryan Ward (LAD - 1B,LF,RF) MiLB",,,17,2,1,2,0,0.21,0.278,3,1,0,2,5,0.356,0.634,0%
Forrest Wall (LF) FA,,,11,1,0,1,1,0.224,0.291,3,0,0,1,3,0.332,0.623,0%
Nick Morabito (NYM - CF) MiLB,,,11,1,0,1,1,0.239,0.292,3,0,0,1,3,0.324,0.616,0%
Andrew Pinckney (WSH - CF) MiLB,,,20,2,0,2,1,0.222,0.269,4,1,0,1,7,0.34,0.61,0%
"Daz Cameron (LF,CF,RF) FA",,,13,2,0,2,0,0.219,0.285,3,1,0,1,4,0.368,0.653,0%
"Kristian Robinson (ARI - CF,RF) NRI",,,13,2,0,2,0,0.203,0.289,3,0,0,2,5,0.304,0.594,0%
Eguy Rosario (3B) FA,,,13,2,0,2,0,0.212,0.274,3,1,0,1,4,0.363,0.637,0%
"Joshua Palacios (LF,CF,RF) FA",,,13,2,0,2,0,0.232,0.293,3,1,0,1,3,0.358,0.651,0%
David Villar (1B) FA,,,13,2,0,2,0,0.214,0.294,3,1,0,2,5,0.367,0.662,0%
"Oscar Colas (CF,RF) FA",,,17,2,0,2,0,0.213,0.269,4,1,0,1,5,0.338,0.607,0%
"Drew Avans (COL - LF,CF,RF) MiLB",,,14,2,0,1,1,0.237,0.303,3,1,0,1,4,0.346,0.65,0%
Eric Haase (SF - C) NRI,,,21,2,0,2,0,0.217,0.274,5,1,0,2,7,0.296,0.57,0%
Michael Siani (LAD - CF) MiLB,,,27,3,0,2,1,0.198,0.277,5,1,0,3,8,0.267,0.544,0%
Cooper Ingle (CLE - C) NRI,,,15,2,0,1,0,0.239,0.356,4,1,0,3,3,0.34,0.695,0%
Yolmer Sanchez (LAA - 2B) MiLB,,,24,3,0,2,0,0.192,0.279,5,1,0,3,8,0.277,0.556,0%
Garrett Stubbs,PHI,"C,DH",24,3,0,2,0,0.205,0.271,5,1,0,2,7,0.29,0.562,0%
"Marco Luciano (NYY - 2B,SS) MiLB",,,22,2,1,2,0,0.182,0.283,4,1,0,3,9,0.293,0.576,0%
Austin Barnes (C) FA,,,28,3,0,2,0,0.206,0.273,6,1,0,3,7,0.265,0.538,0%
"Owen Miller (CHC - 1B,2B) MiLB",,,25,2,0,2,1,0.216,0.269,5,1,0,2,5,0.312,0.581,0%
"Jon Singleton (1B,DH) FA",,,14,2,0,2,0,0.2,0.299,3,1,0,2,5,0.344,0.642,0%
Nick Pratto (TEX - 1B) NRI,,,14,2,0,2,0,0.197,0.267,3,1,0,1,5,0.342,0.609,0%
"Yunior Severino (1B,2B,3B) FA",,,14,2,0,2,0,0.212,0.281,3,1,0,1,5,0.352,0.633,0%
Brennan Milone (ATH - 1B) MiLB,,,14,2,0,2,0,0.226,0.3,3,1,0,2,4,0.356,0.656,0%
RJ Schreck (TOR - RF) NRI,,,14,2,0,2,0,0.206,0.304,3,1,0,2,4,0.335,0.639,0%
"David Dahl (LF,RF) RET",,,18,2,0,2,0,0.229,0.285,4,1,0,1,5,0.362,0.647,0%
"Willie Calhoun (RF,DH) FA",,,18,2,0,2,0,0.235,0.305,4,1,0,2,3,0.357,0.662,0%
"Ryan Fitzgerald (LAD - 2B,SS) MiLB",,,18,2,0,2,0,0.21,0.287,4,1,0,2,5,0.327,0.615,0%
"Alika Williams (PIT - 2B,SS) MiLB",,,18,2,0,2,0,0.23,0.281,4,1,0,1,4,0.32,0.601,0%
"Trei Cruz (DET - SS,LF,CF) MiLB",,,18,2,0,2,0,0.223,0.317,4,1,0,3,6,0.326,0.643,0%
Shane McGuire (ATH - C) MiLB,,,18,2,0,2,0,0.204,0.28,4,1,0,2,5,0.272,0.552,0%
Alex Ramirez (RF) FA,,,15,2,0,1,1,0.206,0.268,3,1,0,1,4,0.297,0.564,0%
Tomas Nido (DET - C) MiLB,,,22,2,0,2,0,0.217,0.259,5,0,0,1,6,0.273,0.532,0%
Austin Shenton (1B) FA,,,12,2,0,1,0,0.215,0.297,3,1,0,1,4,0.366,0.663,0%
Taylor Young (LAD - 2B) MiLB,,,13,1,0,1,1,0.205,0.284,3,1,0,1,4,0.28,0.563,0%
Jax Biggers (HOU - SS) MiLB,,,25,3,0,2,0,0.198,0.287,5,1,0,3,8,0.269,0.556,0%
"Nick Gordon (2B,LF,CF) FA",,,15,2,0,2,0,0.226,0.265,3,1,0,1,4,0.358,0.623,0%
"Nick Senzel (LAD - 3B,LF,CF,RF) NRI",,,15,2,0,2,0,0.212,0.28,3,1,0,1,4,0.33,0.61,0%
Rodolfo Duran (SD - C) MiLB,,,15,2,0,2,0,0.214,0.252,3,1,0,1,4,0.319,0.57,0%
Davis Wendzel (PIT - 3B) MiLB,,,15,2,0,2,0,0.205,0.267,3,1,0,1,4,0.324,0.592,0%
Juan Yepez (1B) FA,,,15,2,0,2,0,0.235,0.292,3,1,0,1,3,0.381,0.673,0%
Andre Lipcius (3B) FA,,,15,2,0,2,0,0.216,0.283,3,1,0,1,4,0.332,0.616,0%
"Zach Remillard (2B,3B,OF) FA",,,19,2,0,2,0,0.208,0.273,4,1,0,2,5,0.299,0.572,0%
Elijah Dunham (LAA - LF) MiLB,,,19,2,0,2,0,0.198,0.271,4,1,0,2,7,0.331,0.602,0%
Chad Wallach (ATH - C) NRI,,,17,1,1,2,0,0.184,0.238,3,1,0,1,6,0.315,0.553,0%
Drew Romo (CWS - C) NRI,,,23,2,0,2,0,0.218,0.264,5,1,0,1,6,0.325,0.589,0%
Trey Lipscomb (WSH - 3B) MiLB,,,23,2,0,2,0,0.229,0.27,5,1,0,1,5,0.294,0.564,0%
"Josue Briceno (DET - C,1B) NRI",,,23,2,0,2,0,0.229,0.327,5,1,0,3,7,0.363,0.69,1%
Tyler Gentry (KC - RF) MiLB,,,13,2,0,1,0,0.214,0.281,3,1,0,1,4,0.337,0.618,0%
Maverick Handley (BAL - C) NRI,,,13,2,0,1,0,0.196,0.289,3,0,0,2,4,0.256,0.545,0%
"Pedro Ramirez (CHC - 2B,3B) MiLB",,,13,2,0,1,0,0.235,0.287,3,1,0,1,3,0.315,0.602,0%
"Justice Bigbie (DET - LF,RF) MiLB",,,13,2,0,1,0,0.236,0.297,3,1,0,1,3,0.337,0.633,0%
"Josh Kasevich (TOR - 3B,SS) NRI",,,13,2,0,1,0,0.255,0.296,3,0,0,1,2,0.285,0.582,0%
Riley Tirotta (TOR - 3B) MiLB,,,7,1,0,1,0,0.207,0.284,2,0,0,1,3,0.318,0.602,0%
"Jadher Areinamo (TB - 2B,3B,SS) MiLB",,,7,1,0,1,0,0.24,0.284,2,0,0,0,1,0.34,0.624,0%
"Luis Guillorme (2B,3B) FA",,,11,1,0,1,0,0.225,0.313,3,0,0,1,3,0.298,0.611,0%
Buddy Kennedy (SF - 3B) NRI,,,11,1,0,1,0,0.235,0.314,3,0,0,1,3,0.33,0.644,0%
Carlos Mendoza (TOR - 3B) MiLB,,,11,1,0,1,0,0.233,0.317,3,0,0,1,2,0.319,0.636,0%
Blake Hunt (SD - C) MiLB,,,16,2,0,2,0,0.21,0.257,3,1,0,1,4,0.325,0.583,0%
Hayden Senger (NYM - C) MiLB,,,16,2,0,2,0,0.191,0.235,3,0,0,1,5,0.267,0.502,0%
Tucker Flint (LAA - RF) MiLB,,,16,2,0,2,0,0.193,0.271,3,1,0,2,7,0.317,0.589,0%
Kevin Kiermaier (CF) RET,,,20,2,0,2,0,0.22,0.268,4,1,0,1,6,0.343,0.61,1%
"Cole Tucker (3B,OF) RET",,,20,2,0,2,0,0.202,0.272,4,1,0,2,6,0.285,0.557,0%
Matt Thaiss (BOS - C) MiLB,,,20,2,0,2,0,0.218,0.322,4,1,0,3,6,0.314,0.637,0%
Jason Delay (BOS - C) MiLB,,,20,2,0,2,0,0.199,0.249,4,1,0,1,4,0.26,0.509,0%
Logan Driscoll (TB - C) NRI,,,20,2,0,2,0,0.215,0.27,4,1,0,1,6,0.334,0.604,0%
"Brandon Valenzuela (TOR - C,1B) MiLB",,,20,2,0,2,0,0.196,0.257,4,1,0,2,6,0.293,0.55,0%
"Tsung-Che Cheng (BOS - 2B,3B,SS) MiLB",,,17,2,0,1,1,0.201,0.271,3,1,0,2,5,0.277,0.548,0%
"Zach DeLoach (LF,RF) FA",,,14,2,0,1,0,0.221,0.294,3,1,0,1,5,0.346,0.641,0%
Jose Herrera (TEX - C) MiLB,,,14,2,0,1,0,0.197,0.281,3,0,0,2,4,0.277,0.559,0%
Luca Tresh (KC - C) NRI,,,14,1,0,2,0,0.202,0.258,3,1,0,1,4,0.349,0.607,0%
"Jack Winkler (HOU - 2B,3B,SS) MiLB",,,11,1,0,1,1,0.196,0.251,2,0,0,1,3,0.259,0.511,0%
"Billy McKinney (LF,RF) FA",,,16,1,1,1,0,0.173,0.259,3,1,0,2,5,0.326,0.586,0%
"Scott Kingery (CHC - 2B,SS) NRI",,,8,1,0,1,0,0.201,0.252,2,0,0,1,3,0.317,0.569,0%
Nate Furman (SF - 2B) NRI,,,8,1,0,1,0,0.246,0.318,2,0,0,1,2,0.349,0.667,0%
Eliezer Alfonzo (LAD - C) NRI,,,8,1,0,1,0,0.231,0.275,2,0,0,0,1,0.318,0.593,0%
Seby Zavala (C) FA,,,13,2,0,2,0,0.175,0.252,2,0,0,1,5,0.289,0.541,0%
"Kevin Pillar (LF,CF,RF) RET",,,12,1,0,1,0,0.225,0.268,3,1,0,1,3,0.35,0.618,0%
"Pablo Reyes (SD - 2B,3B,RF) MiLB",,,12,1,0,1,0,0.228,0.293,3,1,0,1,3,0.343,0.636,0%
Ali Sanchez (NYY - C) MiLB,,,12,1,0,1,0,0.219,0.274,3,0,0,1,3,0.315,0.589,0%
"Jose Azocar (ATL - LF,CF,RF) MiLB",,,12,1,0,1,0,0.252,0.282,3,0,0,1,3,0.293,0.575,0%
Luis De Los Santos (3B) FA,,,12,1,0,1,0,0.209,0.259,3,0,0,1,4,0.306,0.565,0%
Jacob Amaya (ARI - SS) MiLB,,,12,1,0,1,0,0.21,0.273,3,0,0,1,4,0.305,0.578,0%
Brian Serven (ATH - C) NRI,,,17,2,0,2,0,0.19,0.251,3,1,0,1,6,0.285,0.536,0%
Jesus Bastidas (MIA - SS) MiLB,,,17,2,0,2,0,0.208,0.265,3,1,0,1,5,0.331,0.596,0%
"Luken Baker (ARI - 1B,DH) MiLB",,,9,1,0,1,0,0.208,0.288,2,0,0,1,3,0.362,0.65,0%
"Jose Barrero (BAL - SS,CF) NRI",,,9,1,0,1,0,0.191,0.24,2,0,0,1,3,0.311,0.551,0%
Paul McIntosh (PHI - C) MiLB,,,9,1,0,1,0,0.215,0.286,2,0,0,1,3,0.328,0.614,0%
"Eddie Rosario (LF,CF,RF,DH) FA",,,13,1,0,1,0,0.22,0.273,3,1,0,1,3,0.362,0.636,0%
"Jamie Westbrook (2B,RF) FA",,,13,1,0,1,0,0.222,0.289,3,1,0,1,3,0.321,0.611,0%
"Bobby Dalbec (1B,3B) FA",,,13,1,0,1,0,0.195,0.262,3,0,0,1,6,0.333,0.595,0%
"Alan Trejo (2B,SS) FA",,,13,1,0,1,0,0.218,0.262,3,1,0,1,4,0.341,0.603,0%
Rene Pinto (PHI - C) MiLB,,,13,1,0,1,0,0.207,0.25,3,1,0,1,5,0.357,0.607,0%
"Gage Workman (DET - 3B,SS,LF,CF,RF) MiLB",,,13,1,0,1,0,0.202,0.269,3,1,0,1,5,0.333,0.602,0%
"Emmanuel Rivera (1B,3B) FA",,,13,1,0,1,0,0.236,0.289,3,1,0,1,3,0.339,0.628,0%
Darren Baker (CWS - 2B) MiLB,,,13,1,0,1,0,0.229,0.286,3,0,0,1,3,0.289,0.575,0%
Ethan Murray (MIL - SS) MiLB,,,18,2,0,2,0,0.187,0.254,3,1,0,2,6,0.307,0.56,0%
Matthew Batten (1B) FA,,,16,2,0,1,0,0.198,0.26,3,1,0,1,5,0.288,0.548,0%
Sebastian Rivero (LAA - C) MiLB,,,16,1,0,2,0,0.203,0.233,3,1,0,1,4,0.277,0.509,0%
Leandro Cedeno (SD - 1B) MiLB,,,6,1,0,1,0,0.239,0.281,1,0,0,0,2,0.372,0.653,0%
"Tristin English (ATL - 1B,3B,RF) MiLB",,,6,1,0,1,0,0.228,0.266,1,0,0,0,1,0.345,0.611,0%
"Cristian Pache (NYM - LF,CF) NRI",,,10,1,0,1,0,0.19,0.27,2,0,0,1,4,0.268,0.538,0%
Brennen Davis (SEA - LF) MiLB,,,10,1,0,1,0,0.185,0.275,2,0,0,1,4,0.276,0.551,0%
"Sean Bouchard (LF,RF) FA",,,10,1,0,1,0,0.202,0.296,2,0,0,1,4,0.348,0.643,0%
"Vinny Capra (BOS - 3B,SS) MiLB",,,10,1,0,1,0,0.227,0.286,2,0,0,1,3,0.322,0.607,0%
"Jonathan Ornelas (NYY - 3B,SS) MiLB",,,14,1,0,1,0,0.196,0.258,3,0,0,1,4,0.291,0.549,0%
"P.J. Higgins (CIN - C,1B) NRI",,,14,1,0,1,0,0.22,0.27,3,1,0,1,4,0.327,0.596,0%
Will Banfield (CIN - C) MiLB,,,23,2,0,2,0,0.199,0.235,4,1,0,1,7,0.291,0.526,0%
Chuckie Robinson (LAD - C) MiLB,,,17,2,0,1,0,0.196,0.248,3,1,0,1,5,0.261,0.509,0%
"Sergio Alcantara (WSH - 2B,3B,SS) NRI",,,11,1,0,1,0,0.199,0.286,2,0,0,1,3,0.265,0.552,0%
"J.D. Davis (1B,3B) FA",,,11,1,0,1,0,0.221,0.287,2,0,0,1,3,0.345,0.632,0%
"Mike Ford (1B,DH) FA",,,11,1,0,1,0,0.204,0.277,2,0,0,1,3,0.34,0.617,0%
"Sam Hilliard (LF,CF,RF) FA",,,11,1,0,1,0,0.214,0.287,2,0,0,1,4,0.381,0.667,0%
"Brewer Hicklen (ATL - CF,RF) MiLB",,,11,1,0,1,0,0.197,0.265,2,0,0,1,4,0.35,0.615,0%
Sam Huff (BAL - C) NRI,,,11,1,0,1,0,0.197,0.253,2,0,0,1,4,0.321,0.574,0%
Blake Sabol (TB - C) NRI,,,11,1,0,1,0,0.202,0.268,2,0,0,1,4,0.324,0.593,0%
"David Hensley (2B,RF) FA",,,11,1,0,1,0,0.197,0.293,2,1,0,2,4,0.298,0.591,0%
Jase Bowen (SD - CF) MiLB,,,11,1,0,1,0,0.206,0.245,2,0,0,1,4,0.292,0.537,0%
Oliver Dunn (CWS - 3B) MiLB,,,11,1,0,1,0,0.198,0.267,2,0,0,1,4,0.32,0.587,0%
Sam Brown (WSH - 1B) MiLB,,,11,1,0,1,0,0.224,0.289,2,1,0,1,3,0.337,0.626,0%
"Frederick Bencosme (BAL - 2B,SS) MiLB",,,11,1,0,1,0,0.218,0.274,2,1,0,1,2,0.309,0.583,0%
"Grae Kessinger (NYM - 2B,3B) MiLB",,,8,1,0,1,0,0.19,0.262,1,0,0,1,2,0.283,0.545,0%
"Michael A. Taylor (LF,CF,RF) RET",,,12,1,0,1,0,0.197,0.255,2,0,0,1,5,0.333,0.588,0%
"Travis Blankenhorn (LF,DH) FA",,,12,1,0,1,0,0.198,0.261,2,1,0,1,4,0.345,0.605,0%
Jack Lopez (2B) FA,,,12,1,0,1,0,0.209,0.241,2,0,0,0,4,0.303,0.544,1%
"Zack Short (NYY - 3B,SS) MiLB",,,12,1,0,1,0,0.183,0.285,2,0,0,2,4,0.309,0.594,0%
Clay Dungan (SD - SS) MiLB,,,12,1,0,1,0,0.198,0.272,2,1,0,1,4,0.31,0.582,0%
"Wilfred Veras (CWS - LF,RF) MiLB",,,12,1,0,1,0,0.213,0.259,2,1,0,1,4,0.333,0.592,0%
Terrell Tatum (LF) FA,,,12,1,0,1,0,0.2,0.283,2,0,0,1,4,0.292,0.575,0%
Dom Nunez (CLE - C) NRI,,,15,2,0,1,0,0.168,0.269,2,1,0,2,6,0.267,0.536,0%
Carlos Rodriguez (SD - LF) MiLB,,,4,0,0,0,0,0.237,0.3,1,0,0,0,1,0.324,0.624,0%
Sandy Leon (ATL - C) MiLB,,,13,1,0,1,0,0.156,0.232,2,0,0,1,5,0.281,0.513,0%
Luke Ritter (3B) FA,,,13,1,0,1,0,0.193,0.267,2,0,0,1,5,0.314,0.581,0%
