"Player","Team","Positions","AB","R","HR","RBI","SB","AVG","OBP","H","2B","3B","BB","SO","SLG","OPS","Rost%"
"Shohei Ohtani","LAD","SP,DH","561","115","42","110","33",".287",".376","161","30","5","80","149",".586",".962","100%"
"Bobby Witt Jr.","KC","SS","606","104","30","95","34",".296",".348","179","36","8","49","109",".533",".881","99%"
"Aaron Judge","NYY","LF,CF,RF,DH","529","107","48","119","8",".285",".408","151","26","1","110","168",".612","1.021","99%"
"Elly De La Cruz","CIN","SS","587","96","25","81","52",".255",".325","150","32","8","60","198",".464",".789","100%"
"Jose Ramirez","CLE","3B,DH","587","93","29","94","29",".274",".342","161","36","3","60","79",".497",".839","99%"
"Juan Soto","NYM","LF,RF","532","107","34","96","9",".277",".417","148","28","2","127","111",".529",".945","100%"
"Kyle Tucker","CHC","RF","546","91","29","92","22",".274",".367","150","30","2","80","97",".496",".862","100%"
"Gunnar Henderson","BAL","SS","582","104","31","90","16",".273",".353","159","31","6","72","150",".509",".862","99%"
"Mookie Betts","LAD","2B,SS,RF","566","101","27","91","15",".278",".364","158","33","3","76","91",".493",".857","100%"
"Corbin Carroll","ARI","CF,RF","573","105","23","77","40",".259",".337","148","27","10","68","127",".460",".797","100%"
"Fernando Tatis Jr.","SD","RF","566","95","33","90","21",".275",".338","155","31","2","54","137",".516",".854","100%"
"Francisco Lindor","NYM","SS","596","96","28","86","23",".257",".325","153","31","2","60","127",".457",".782","100%"
"Vladimir Guerrero Jr.","TOR","1B,3B,DH","586","94","31","99","5",".298",".371","175","35","1","69","94",".523",".895","99%"
"Yordan Alvarez","HOU","LF,DH","515","92","35","99","3",".301",".387","155","30","2","72","101",".578",".965","99%"
"Julio Rodriguez","SEA","CF","594","90","27","86","28",".277",".329","164","28","2","47","154",".472",".801","99%"
"Jackson Chourio","MIL","LF,CF,RF","589","85","23","83","27",".268",".318","158","30","4","43","134",".451",".768","99%"
"Bryce Harper","PHI","1B","548","91","29","91","10",".279",".372","153","35","1","82","139",".506",".878","100%"
"Jarren Duran","BOS","LF,CF","593","92","18","72","30",".266",".323","158","39","8","49","149",".451",".774","99%"
"Freddie Freeman","LAD","1B","562","92","22","88","11",".287",".368","161","35","2","72","106",".476",".843","100%"
"Trea Turner","PHI","SS","598","91","21","78","24",".279",".323","167","32","2","40","125",".449",".773","99%"
"Jackson Merrill","SD","CF","586","80","23","85","15",".275",".317","161","32","5","36","108",".468",".785","99%"
"Jazz Chisholm Jr.","NYY","3B,CF","531","79","26","77","34",".248",".311","132","22","3","49","150",".447",".759","96%"
"Ketel Marte","ARI","2B,DH","549","89","27","86","7",".274",".352","151","31","3","66","112",".490",".842","99%"
"Austin Riley","ATL","3B","587","93","32","96","2",".270",".332","158","32","2","55","159",".496",".829","98%"
"Rafael Devers","BOS","3B","560","88","30","94","4",".270",".346","151","33","2","65","137",".503",".849","99%"
"Matt Olson","ATL","1B","577","90","33","102","1",".251",".340","145","30","1","78","159",".480",".820","99%"
"Ronald Acuna Jr.","ATL","RF","462","92","24","69","36",".291",".374","134","25","2","61","98",".508",".882","99%"
"Manny Machado","SD","3B,DH","574","80","29","94","8",".266",".325","153","28","1","50","123",".470",".795","99%"
"Corey Seager","TEX","SS","484","77","29","81","2",".281",".353","136","27","1","54","95",".522",".875","99%"
"Pete Alonso","NYM","1B","569","87","35","100","4",".241",".320","137","25","1","66","152",".474",".794","99%"
"William Contreras","MIL","C,DH","547","81","23","83","7",".271",".350","149","30","1","67","132",".457",".807","99%"
"Ozzie Albies","ATL","2B","568","82","21","82","12",".263",".314","149","33","3","42","99",".443",".757","99%"
"Jose Altuve","HOU","2B","572","86","20","68","17",".270",".331","154","30","1","52","110",".428",".759","99%"
"Oneil Cruz","PIT","SS,CF","549","79","25","81","21",".253",".320","139","30","3","54","179",".457",".778","90%"
"Wyatt Langford","TEX","LF,CF,DH","527","79","21","75","18",".263",".334","139","29","4","56","119",".453",".787","96%"
"Michael Harris II","ATL","CF","548","83","22","76","19",".284",".326","155","29","3","34","115",".470",".796","96%"
"Kyle Schwarber","PHI","LF,DH","543","95","37","94","4",".226",".342","123","21","1","97","191",".475",".818","97%"
"CJ Abrams","WSH","SS","544","79","18","64","34",".252",".299","137","28","4","36","118",".419",".717","92%"
"Teoscar Hernandez","LAD","LF,RF","573","82","29","95","9",".260",".314","149","28","1","46","182",".467",".782","95%"
"James Wood","WSH","LF","516","76","20","71","18",".262",".344","135","29","4","65","160",".445",".789","91%"
"Brent Rooker","ATH","LF,DH","547","82","35","92","8",".254",".326","139","25","2","59","184",".503",".830","94%"
"Marcell Ozuna","ATL","LF,DH","563","84","32","96","1",".262",".335","148","26","1","61","155",".483",".818","96%"
"Lawrence Butler","ATH","RF","554","79","23","71","18",".249",".309","138","28","3","48","148",".439",".748","89%"
"Marcus Semien","TEX","2B","589","89","22","73","11",".249",".316","147","28","3","58","103",".422",".738","99%"
"Anthony Santander","TOR","RF,DH","574","81","33","96","2",".243",".309","139","30","1","55","133",".476",".785","99%"
"Willy Adames","SF","SS","575","80","25","83","13",".243",".319","139","31","1","64","156",".432",".751","95%"
"Josh Naylor","ARI","1B","541","73","22","89","7",".264",".327","143","30","1","51","94",".443",".770","97%"
"Brenton Doyle","COL","CF","567","77","21","68","27",".248",".299","141","25","5","41","176",".422",".721","74%"
"Adley Rutschman","BAL","C,DH","524","74","18","69","2",".258",".342","135","27","1","66","95",".420",".762","99%"
"Bryan Reynolds","PIT","LF,CF,RF,DH","576","79","22","78","9",".264",".330","152","28","3","57","143",".440",".770","94%"
"Christian Walker","HOU","1B","537","77","29","88","5",".240",".315","129","26","1","59","140",".458",".774","94%"
"Jordan Westburg","BAL","2B,3B","511","70","20","72","9",".257",".309","131","29","4","38","127",".446",".755","86%"
"Junior Caminero","TB","3B","532","69","24","79","5",".263",".310","140","23","2","36","122",".453",".763","90%"
"Luis Robert Jr.","CWS","CF","543","73","25","72","24",".247",".293","134","28","1","36","170",".440",".733","65%"
"Mark Vientos","NYM","3B","557","73","29","87","1",".243",".303","135","25","1","48","179",".450",".752","69%"
"Alex Bregman","BOS","3B","570","82","22","82","3",".260",".334","148","30","2","63","84",".440",".774","98%"
"Seiya Suzuki","CHC","RF,DH","489","73","20","70","12",".264",".342","129","25","3","58","140",".452",".795","92%"
"Cody Bellinger","NYY","1B,CF,RF,DH","525","73","21","76","12",".253",".313","133","26","2","46","103",".433",".746","96%"
"Matt McLain","CIN","2B,SS","493","74","21","70","18",".252",".326","124","27","3","54","153",".452",".777","86%"
"Riley Greene","DET","LF,CF,RF,DH","551","82","22","75","7",".266",".342","146","27","5","64","158",".456",".798","90%"
"Triston Casas","BOS","1B","496","72","26","79","1",".246",".344","122","25","1","74","153",".457",".801","79%"
"Salvador Perez","KC","C,1B,DH","535","63","24","83","0",".256",".298","137","24","1","31","129",".444",".741","97%"
"Vinnie Pasquantino","KC","1B,DH","535","72","22","83","2",".265",".332","142","32","2","54","80",".458",".791","93%"
"Cal Raleigh","SEA","C","509","68","29","83","3",".223",".302","113","22","1","58","157",".447",".749","96%"
"Yainer Diaz","HOU","C,1B,DH","523","66","19","76","1",".280",".313","147","27","2","25","100",".452",".764","97%"
"Ian Happ","CHC","LF","560","84","22","77","12",".244",".335","137","31","2","77","157",".422",".757","93%"
"Willson Contreras","STL","C,DH","481","70","22","70","6",".248",".330","119","24","1","59","138",".439",".769","90%"
"Mike Trout","LAA","CF","418","70","28","72","7",".257",".345","107","19","3","57","128",".520",".865","93%"
"Jake Burger","TEX","1B,3B,DH","530","70","30","81","2",".244",".291","129","24","2","36","155",".467",".758","80%"
"Christian Yelich","MIL","LF,DH","468","74","16","61","22",".266",".357","124","23","2","66","119",".426",".783","91%"
"Randy Arozarena","SEA","LF,CF","544","79","21","72","22",".239",".321","130","27","1","66","158",".409",".730","88%"
"Matt Chapman","SF","3B","555","80","25","79","9",".240",".320","133","31","2","65","162",".442",".761","89%"
"Ezequiel Tovar","COL","SS","616","77","22","78","10",".262",".295","162","37","4","29","173",".441",".736","61%"
"Royce Lewis","MIN","3B,DH","461","65","23","72","6",".253",".315","117","24","1","42","119",".458",".773","72%"
"Bo Bichette","TOR","SS","565","74","17","71","10",".277",".319","156","31","2","35","117",".429",".748","81%"
"Will Smith","LAD","C","435","66","19","67","2",".252",".330","110","22","2","50","91",".443",".773","97%"
"Steven Kwan","CLE","LF","567","84","9","56","17",".279",".351","158","27","5","63","63",".390",".741","96%"
"Anthony Volpe","NYY","SS","577","79","16","65","27",".237",".297","137","29","4","49","144",".387",".684","64%"
"Dylan Crews","WSH","RF","520","67","15","61","26",".244",".298","127","25","4","40","129",".393",".692","72%"
"Adolis Garcia","TEX","RF,DH","535","73","26","81","11",".233",".293","125","25","1","45","165",".436",".729","86%"
"Luis Garcia","WSH","2B","507","62","16","65","15",".273",".314","139","26","3","30","87",".428",".742","72%"
"Nick Castellanos","PHI","RF","577","73","21","82","7",".254",".300","147","30","2","38","147",".425",".725","81%"
"Xander Bogaerts","SD","2B,SS","547","71","16","65","14",".267",".326","146","26","1","47","109",".406",".731","90%"
"Jasson Dominguez","NYY","LF,CF","467","66","17","60","22",".246",".319","115","20","2","50","132",".412",".730","61%"
"Brice Turang","MIL","2B","521","65","8","52","36",".248",".312","129","23","3","49","107",".352",".665","66%"
"Pete Crow-Armstrong","CHC","CF","492","68","15","59","30",".244",".290","120","22","6","32","138",".401",".691","60%"
"Shea Langeliers","ATH","C","456","59","25","70","4",".228",".288","104","20","2","38","136",".452",".740","80%"
"Colton Cowser","BAL","LF,CF,RF","482","72","20","68","8",".243",".324","117","23","2","58","163",".426",".750","55%"
"Paul Goldschmidt","NYY","1B","549","74","23","78","8",".248",".318","136","27","1","57","160",".429",".747","67%"
"Spencer Steer","CIN","1B,LF","447","61","17","63","14",".244",".322","109","26","2","52","106",".423",".745","87%"
"Masyn Winn","STL","SS","582","81","14","63","16",".255",".308","149","29","5","44","113",".395",".703","75%"
"Josh Lowe","TB","LF,CF,RF","470","63","17","63","25",".251",".313","118","27","2","42","152",".428",".740","47%"
"Brandon Nimmo","NYM","LF,CF","497","75","17","66","7",".248",".334","123","23","3","64","126",".413",".747","84%"
"Alec Bohm","PHI","1B,3B","554","70","16","78","5",".276",".325","153","33","2","41","94",".429",".754","92%"
"Eugenio Suarez","ARI","3B","529","70","23","80","2",".235",".306","124","24","1","54","170",".418",".725","63%"
"Jeremy Pena","HOU","SS","590","76","16","69","17",".262",".301","154","29","2","33","120",".400",".701","76%"
"Xavier Edwards","MIA","SS","516","68","4","43","31",".281",".346","145","24","4","51","85",".366",".712","58%"
"Logan O'Hoppe","LAA","C","430","57","21","60","3",".242",".303","104","17","1","38","126",".432",".736","61%"
"J.T. Realmuto","PHI","C","421","57","16","57","8",".253",".306","106","21","2","32","115",".429",".735","75%"
"Jurickson Profar","ATL","LF","523","77","16","65","7",".257",".339","134","27","1","65","98",".400",".740","87%"
"Dansby Swanson","CHC","SS","569","77","19","75","15",".245",".312","139","27","2","56","155",".401",".713","70%"
"Isaac Paredes","HOU","1B,3B","515","73","23","77","2",".241",".328","124","24","1","67","100",".426",".754","87%"
"Taylor Ward","LAA","LF","557","78","23","74","7",".251",".325","140","26","2","61","147",".429",".754","67%"
"Lane Thomas","CLE","CF,RF","500","68","17","63","22",".242",".303","121","27","3","44","141",".406",".710","49%"
"Tyler O'Neill","BAL","LF,RF","415","62","24","64","6",".236",".316","98","17","1","48","144",".454",".770","51%"
"Yandy Diaz","TB","1B,DH","547","75","17","68","2",".285",".357","156","30","1","61","92",".433",".790","82%"
"Zach Neto","LAA","SS","467","65","19","64","21",".249",".302","116","26","1","36","118",".433",".736","45%"
"Nico Hoerner","CHC","2B,SS","501","67","7","50","27",".273",".324","137","25","2","37","62",".374",".697","87%"
"Andres Gimenez","TOR","2B","547","70","12","62","27",".259",".300","142","28","3","32","101",".387",".687","71%"
"Kerry Carpenter","DET","LF,RF,DH","446","60","22","70","3",".257",".312","115","21","4","36","123",".472",".784","56%"
"Bryson Stott","PHI","2B,SS","519","68","12","58","26",".256",".318","133","24","3","48","99",".383",".701","77%"
"Heliot Ramos","SF","LF,CF,RF","517","66","21","69","8",".249",".306","129","24","3","42","150",".432",".738","46%"
"Lourdes Gurriel Jr.","ARI","LF","513","65","17","72","6",".271",".314","139","27","2","32","100",".429",".743","68%"
"Luis Arraez","SD","1B,2B,DH","594","77","6","58","7",".307",".347","182","31","3","36","36",".400",".747","96%"
"Michael Toglia","COL","1B,RF","477","62","23","66","7",".225",".305","107","20","3","54","165",".429",".734","39%"
"Cedric Mullins II","BAL","CF","470","65","16","59","27",".238",".301","112","22","3","42","106",".403",".704","45%"
"Nolan Arenado","STL","3B","565","68","19","78","3",".258",".312","146","28","1","44","93",".413",".725","87%"
"Tommy Edman","LAD","SS,CF","493","69","13","58","23",".248",".301","122","25","3","38","97",".390",".691","72%"
"George Springer","TOR","RF,DH","531","75","19","66","14",".241",".312","128","22","2","54","115",".402",".714","64%"
"Tyler Stephenson","CIN","C","391","52","14","54","1",".254",".322","99","20","1","39","104",".420",".742","68%"
"Josh Jung","TEX","3B","484","60","20","65","5",".248",".290","120","22","2","29","144",".424",".715","39%"
"Jorge Soler","LAA","RF,DH","482","71","26","74","1",".233",".319","112","24","1","61","142",".453",".772","34%"
"Austin Wells","NYY","C","404","52","17","56","4",".231",".308","93","20","1","45","105",".410",".718","50%"
"Carlos Correa","MIN","SS","475","70","19","66","1",".270",".347","128","26","2","56","104",".453",".800","62%"
"Luis Rengifo","LAA","2B,3B","485","64","14","56","19",".261",".310","126","21","3","34","87",".402",".712","32%"
"Victor Robles","SEA","LF,CF,RF","450","63","8","43","34",".251",".308","113","23","2","37","106",".365",".673","24%"
"Jackson Holliday","BAL","2B","399","62","11","46","8",".235",".330","94","21","2","57","121",".381",".710","65%"
"Gleyber Torres","DET","2B","560","74","17","66","9",".257",".329","144","27","1","60","114",".400",".730","79%"
"Jake McCarthy","ARI","LF,CF,RF","455","65","8","51","28",".265",".319","121","19","6","36","89",".387",".705","28%"
"Alec Burleson","STL","1B,LF,RF,DH","431","54","15","58","6",".269",".317","116","20","1","30","65",".427",".744","71%"
"Ryan Mountcastle","BAL","1B","473","60","18","67","3",".260",".310","123","24","1","34","121",".434",".744","37%"
"Nathaniel Lowe","WSH","1B","528","69","16","69","2",".265",".349","140","24","2","68","130",".407",".756","49%"
"Jonathan India","KC","2B","514","77","14","59","12",".252",".335","129","27","2","64","115",".397",".731","59%"
"Byron Buxton","MIN","CF","419","64","23","66","8",".242",".299","101","25","2","34","130",".479",".779","26%"
"Jung Hoo Lee","SF","CF","514","66","11","59","7",".283",".339","145","30","3","44","51",".417",".756","50%"
"Gabriel Moreno","ARI","C","407","53","9","52","5",".278",".347","113","22","1","43","75",".408",".754","45%"
"Brandon Lowe","TB","1B,2B,DH","442","65","23","68","6",".240",".313","106","21","2","47","128",".460",".773","33%"
"Michael Busch","CHC","1B","479","66","19","68","3",".238",".318","114","24","2","56","150",".418",".736","26%"
"Matt Shaw","CHC","2B,3B,SS","425","56","14","53","18",".245",".309","104","17","3","39","103",".399",".708","44%"
"Max Muncy","LAD","3B","435","70","24","73","2",".214",".328","93","19","1","74","138",".429",".758","65%"
"Ceddanne Rafaela","BOS","2B,SS,CF","401","51","11","49","16",".247",".275","99","20","3","15","105",".401",".676","45%"
"Rhys Hoskins","MIL","1B,DH","466","62","24","73","3",".221",".304","103","20","1","56","148",".425",".729","35%"
"Parker Meadows","DET","CF","457","62","14","50","18",".234",".302","107","20","6","44","120",".394",".695","18%"
"TJ Friedl","CIN","LF,CF","462","65","15","58","16",".245",".310","113","19","4","43","88",".398",".708","22%"
"Maikel Garcia","KC","2B,3B","513","67","7","51","28",".256",".312","131","26","4","42","101",".366",".678","51%"
"JJ Bleday","ATH","CF","541","73","21","69","5",".228",".317","123","30","3","71","132",".413",".730","33%"
"Trevor Story","BOS","SS","461","58","15","59","20",".229",".292","106","24","1","41","148",".387",".679","20%"
"Zack Gelof","ATH","2B","529","67","20","62","23",".226",".287","120","25","2","45","182",".392",".679","17%"
"Christian Encarnacion-Strand","CIN","1B","381","50","18","59","2",".258",".304","98","20","1","25","112",".460",".764","22%"
"Evan Carter","TEX","LF,RF","394","58","13","49","12",".241",".325","95","19","4","49","111",".406",".731","14%"
"Ryan McMahon","COL","3B","551","70","20","69","6",".241",".321","132","27","1","65","181",".407",".728","19%"
"Ryan Jeffers","MIN","C,DH","361","48","17","51","3",".237",".302","85","18","1","33","93",".432",".733","20%"
"Nolan Jones","COL","LF","409","55","14","52","10",".249",".337","102","22","2","54","140",".415",".752","17%"
"Jordan Walker","STL","LF,RF","476","58","16","60","7",".250",".305","119","26","2","37","122",".415",".720","9%"
"Lars Nootbaar","STL","LF,CF,RF","440","64","17","57","9",".248",".346","109","22","2","66","104",".425",".770","15%"
"Joc Pederson","TEX","LF,DH","371","58","21","61","4",".250",".337","93","16","2","49","103",".481",".818","15%"
"Colt Keith","DET","2B","479","61","15","61","5",".261",".318","125","23","4","40","109",".416",".735","21%"
"Brendan Donovan","STL","2B,3B,LF","510","67","12","61","6",".275",".340","140","26","2","50","78",".407",".747","67%"
"Keibert Ruiz","WSH","C","442","46","14","55","3",".249",".288","110","22","0","25","54",".393",".681","42%"
"Connor Norby","MIA","2B,3B","511","68","17","60","9",".245",".306","125","27","2","45","157",".406",".712","21%"
"Tyler Soderstrom","ATH","1B","455","54","21","63","1",".228",".287","104","20","2","38","134",".421",".708","8%"
"Matt Wallner","MIN","LF,RF","424","61","21","63","4",".234",".313","99","23","2","49","166",".447",".760","17%"
"Garrett Mitchell","MIL","CF,RF","411","58","14","53","21",".240",".315","99","19","3","45","141",".407",".722","13%"
"Ivan Herrera","STL","C","336","46","9","40","6",".259",".344","87","17","1","43","83",".393",".738","14%"
"Francisco Alvarez","NYM","C","335","45","16","51","2",".234",".306","78","14","1","35","93",".426",".732","41%"
"Tyler Fitzgerald","SF","SS,CF","498","66","18","61","19",".233",".284","116","24","3","36","166",".398",".682","18%"
"Wilyer Abreu","BOS","LF,CF,RF","386","55","15","54","9",".242",".325","94","23","1","47","118",".428",".753","8%"
"Andrew Vaughn","CWS","1B,DH","553","64","21","75","1",".254",".305","140","29","1","41","123",".429",".734","12%"
"Jake Cronenworth","SD","1B,2B","516","68","15","65","5",".239",".311","123","27","4","54","109",".391",".702","52%"
"Nolan Schanuel","LAA","1B","478","64","12","54","8",".255",".344","122","20","1","65","92",".374",".718","10%"
"Jesus Sanchez","MIA","LF,CF,RF","426","54","17","58","9",".252",".315","107","22","2","39","121",".435",".751","6%"
"Willi Castro","MIN","2B,3B,SS,LF,CF","505","71","12","55","18",".246",".303","124","25","4","41","131",".384",".686","51%"
"Connor Wong","BOS","C,1B","359","44","10","42","7",".248",".294","89","19","1","23","102",".394",".688","19%"
"Daulton Varsho","TOR","LF,CF","486","68","20","65","13",".221",".290","107","22","4","47","135",".410",".700","7%"
"Christopher Morel","TB","2B,3B,LF,CF,RF,DH","445","61","22","65","9",".232",".304","103","18","3","46","136",".437",".741","26%"
"Michael Conforto","LAD","LF,DH","409","56","18","61","2",".237",".311","97","19","1","44","111",".427",".738","13%"
"Roman Anthony","BOS","CF","285","40","8","34","7",".244",".326","69","16","2","35","84",".393",".718","19%"
"Josh Bell","WSH","1B,DH","491","60","18","65","1",".247",".321","121","22","1","54","110",".406",".726","11%"
"Luke Raley","SEA","1B,LF,CF,RF","406","55","19","57","10",".232",".287","94","18","2","31","137",".425",".712","6%"
"Sean Murphy","ATL","C","307","42","14","45","0",".235",".312","72","15","1","34","82",".425",".737","16%"
"Thairo Estrada","COL","2B","453","57","13","54","11",".261",".296","118","22","2","22","96",".408",".704","11%"
"Jo Adell","LAA","RF","417","56","21","60","13",".225",".284","94","19","2","35","137",".432",".716","4%"
"Jacob Young","WSH","CF","455","57","3","37","29",".248",".297","113","20","3","32","94",".324",".621","5%"
"Kristian Campbell","BOS","2B,SS,CF","263","37","8","35","7",".263",".334","69","14","2","28","69",".418",".752","13%"
"Giancarlo Stanton","NYY","RF,DH","279","37","18","48","0",".227",".299","63","11","0","29","95",".470",".769","11%"
"Brandon Marsh","PHI","LF,CF","439","61","14","56","15",".246",".324","108","20","4","51","154",".405",".729","5%"
"Jeimer Candelario","CIN","1B,3B,DH","443","57","18","62","4",".239",".297","106","26","2","37","119",".428",".725","7%"
"Bo Naylor","CLE","C","367","46","14","46","7",".216",".297","79","17","1","42","112",".383",".680","5%"
"Joey Ortiz","MIL","3B,SS","501","64","12","60","12",".247",".312","124","27","4","48","113",".391",".703","11%"
"Alejandro Kirk","TOR","C","372","42","9","47","0",".264",".336","98","18","1","41","52",".393",".729","24%"
"Joey Bart","PIT","C","327","40","11","42","1",".239",".298","78","14","0","28","102",".391",".689","8%"
"Ha-Seong Kim","TB","SS","370","50","10","41","18",".244",".326","90","17","2","45","75",".380",".706","6%"
"Masataka Yoshida","BOS","LF,DH","296","38","8","40","2",".277",".332","82","16","1","24","43",".424",".756","6%"
"Kyle Manzardo","CLE","1B,DH","391","52","17","55","1",".237",".317","93","23","1","46","99",".432",".749","9%"
"Ke'Bryan Hayes","PIT","3B","495","58","11","51","14",".252",".303","125","23","3","36","105",".376",".679","4%"
"Carlos Santana","CLE","1B","487","59","18","64","3",".225",".308","110","22","0","59","99",".384",".692","15%"
"Jonathan Aranda","TB","1B,2B","341","48","14","47","1",".250",".326","85","16","1","39","98",".429",".756","5%"
"Chas McCormick","HOU","LF,CF,RF","365","48","13","46","12",".238",".301","87","14","1","33","108",".388",".689","2%"
"Heston Kjerstad","BAL","LF,RF","333","45","12","46","2",".250",".308","83","16","2","28","97",".422",".730","6%"
"Trevor Larnach","MIN","LF,RF,DH","409","58","16","58","3",".242",".323","99","20","1","49","124",".417",".740","2%"
"Jonah Heim","TEX","C","336","38","11","42","1",".229",".283","77","14","1","25","69",".378",".661","9%"
"Patrick Bailey","SF","C","414","47","10","46","3",".233",".298","97","19","1","38","109",".359",".656","4%"
"Spencer Horwitz","PIT","1B,2B","369","49","10","45","3",".265",".352","98","23","1","49","80",".410",".762","14%"
"Matt Vierling","DET","3B,LF,CF,RF","419","55","11","46","7",".253",".311","106","20","3","36","97",".395",".707","5%"
"Jhonkensy Noel","CLE","RF","310","39","15","45","1",".225",".275","70","14","1","21","93",".427",".702","3%"
"Ryan O'Hearn","BAL","1B,LF,RF,DH","367","49","13","52","3",".264",".321","97","18","2","31","74",".437",".758","4%"
"Sal Frelick","MIL","LF,CF,RF","403","51","4","39","14",".257",".317","104","19","3","35","67",".354",".671","7%"
"J.D. Martinez","","DH","333","42","14","49","0",".239",".306","80","18","1","32","106",".422",".729","2%"
"Michael Massey","KC","2B","424","52","15","56","4",".253",".294","107","23","2","25","88",".422",".716","2%"
"Danny Jansen","TB","C","305","40","14","43","1",".225",".304","69","15","0","35","69",".414",".718","2%"
"Max Kepler","PHI","RF","404","53","15","54","2",".241",".304","97","19","2","37","90",".406",".710","3%"
"Hyeseong Kim","LAD","2B,SS","334","42","5","34","13",".260",".310","87","15","2","24","66",".360",".670","8%"
"Otto Lopez","MIA","2B,SS","418","49","6","40","16",".269",".315","112","22","3","28","79",".378",".693","5%"
"Pavin Smith","ARI","1B,LF,RF","280","38","10","39","1",".245",".330","69","13","1","35","68",".410",".740","1%"
"Andy Pages","LAD","CF,RF","221","32","9","31","2",".243",".304","54","12","1","19","61",".437",".741","3%"
"Nolan Gorman","STL","2B","381","50","20","57","5",".223",".294","85","16","0","38","139",".427",".721","6%"
"LaMonte Wade Jr.","SF","1B,RF","394","56","13","46","3",".241",".346","95","17","1","63","98",".387",".733","2%"
"Isiah Kiner-Falefa","PIT","2B,3B,SS","454","53","6","43","15",".262",".300","119","19","3","25","77",".353",".654","3%"
"Starling Marte","NYM","RF","280","37","6","31","13",".260",".307","73","12","2","19","65",".384",".691","2%"
"Spencer Torkelson","DET","1B","300","39","12","40","1",".224",".303","67","16","1","34","91",".406",".709","5%"
"Gavin Lux","CIN","2B","403","55","10","47","6",".255",".327","103","21","3","43","101",".399",".726","4%"
"Dylan Moore","SEA","1B,2B,3B,SS,LF","299","42","9","34","22",".206",".297","62","15","2","39","100",".368",".665","12%"
"Jonny DeLuca","TB","LF,CF,RF","402","49","12","47","15",".230",".287","93","19","3","32","90",".387",".674","1%"
"Jose Miranda","MIN","1B,3B,DH","361","42","10","45","2",".263",".305","95","21","1","22","63",".414",".719","3%"
"MJ Melendez","KC","LF","420","54","17","55","5",".231",".306","97","22","3","45","118",".419",".725","2%"
"Jake Fraley","CIN","LF,RF","366","47","10","44","18",".253",".320","93","18","1","36","81",".394",".714","1%"
"Andrew Benintendi","CWS","LF","432","52","11","49","6",".254",".318","110","21","1","41","81",".389",".707","2%"
"Brooks Lee","MIN","2B,3B,SS","387","44","9","46","5",".245",".298","95","21","1","29","71",".378",".676","3%"
"Jorge Polanco","SEA","2B","428","51","16","54","4",".223",".302","96","17","1","49","129",".382",".684","1%"
"Jordan Lawlar","ARI","3B,SS","215","29","5","25","10",".243",".308","52","10","2","20","60",".379",".688","6%"
"Jesse Winker","NYM","LF,RF,DH","350","48","11","44","6",".235",".338","82","15","1","54","87",".376",".714","4%"
"Noelvi Marte","CIN","3B","172","21","5","19","6",".239",".289","41","8","0","12","48",".373",".662","3%"
"Jose Caballero","TB","2B,3B,SS","275","36","6","28","26",".222",".285","61","13","1","24","78",".345",".629","10%"
"Hunter Goodman","COL","C,LF,RF","279","34","14","43","2",".237",".284","66","16","1","18","83",".453",".737","2%"
"Austin Hays","CIN","LF","403","51","14","52","4",".253",".300","102","25","1","27","105",".426",".726","2%"
"Jeff McNeil","NYM","2B,LF,RF","405","50","8","44","4",".258",".309","104","22","1","30","57",".378",".686","5%"
"Jose Siri","NYM","CF","346","47","16","46","13",".209",".263","73","14","2","25","136",".394",".657","1%"
"Freddy Fermin","KC","C,DH","262","31","7","31","1",".252",".306","66","12","1","20","56",".379",".686","1%"
"Deyvison De Los Santos","MIA","1B,3B","302","34","12","39","1",".244",".280","74","13","1","15","88",".409",".689","6%"
"Leody Taveras","TEX","CF","303","40","8","34","12",".246",".304","75","14","2","25","72",".392",".695","1%"
"Victor Scott","STL","CF","298","35","5","26","21",".224",".274","67","11","2","21","66",".324",".599","1%"
"Cam Smith","HOU","3B","118","16","3","15","1",".227",".278","27","4","3","8","30",".392",".670","10%"
"Jacob Wilson","ATH","SS","461","58","7","48","4",".278",".319","128","29","2","28","55",".401",".721","5%"
"Luisangel Acuna","NYM","SS","168","21","3","16","9",".244",".287","41","7","1","10","36",".350",".638","5%"
"Nick Gonzales","PIT","2B,SS","425","53","10","50","5",".259",".311","110","26","4","32","105",".408",".719","3%"
"James Outman","LAD","CF","104","15","4","14","3",".220",".303","23","4","0","12","37",".382",".685","2%"
"Coby Mayo","BAL","3B","153","19","6","20","1",".230",".301","35","8","0","15","48",".406",".707","5%"
"J.P. Crawford","SEA","SS","489","64","11","52","4",".237",".327","116","24","1","65","111",".361",".688","3%"
"Tommy Pham","PIT","LF,CF,RF","400","50","10","44","10",".245",".308","98","19","2","36","101",".376",".683","1%"
"Luis Campusano","SD","C","248","30","8","32","0",".250",".298","62","11","0","17","44",".390",".687","1%"
"Miguel Amaya","CHC","C","283","33","8","36","1",".237",".299","67","13","1","25","66",".377",".676","2%"
"Travis d'Arnaud","LAA","C","231","29","10","32","0",".232",".285","54","11","1","17","64",".417",".702","2%"
"Brayan Rocchio","CLE","SS","468","58","9","48","13",".236",".301","110","25","1","44","98",".351",".653","1%"
"Orlando Arcia","ATL","SS","488","56","15","58","2",".233",".290","114","21","0","39","110",".373",".663","2%"
"Ernie Clement","TOR","3B,SS","309","36","7","35","7",".262",".294","81","16","2","14","33",".393",".687","2%"
"Mike Yastrzemski","SF","CF,RF","417","56","16","53","4",".222",".297","93","20","4","44","124",".406",".702","2%"
"Anthony Rizzo","","1B","251","30","8","30","1",".230",".296","58","10","0","24","56",".369",".665","1%"
"Josh Smith","TEX","3B,SS,OF","337","45","9","39","7",".243",".312","82","17","1","34","80",".379",".691","5%"
"David Hamilton","BOS","2B,SS","136","19","3","14","12",".226",".294","31","6","1","13","38",".367",".662","3%"
"Endy Rodriguez","PIT","C","299","37","7","35","2",".245",".306","73","17","2","26","68",".385",".691","1%"
"Kyle Higashioka","TEX","C","263","31","13","37","2",".218",".266","57","11","1","17","79",".412",".678","1%"
"Jonah Bride","MIA","1B,3B","336","41","9","41","1",".238",".326","80","16","1","44","79",".375",".701","1%"
"Jordan Beck","COL","LF,RF","358","42","10","41","9",".238",".303","85","19","2","33","115",".390",".693","1%"
"Caleb Durbin","MIL","2B,3B,SS","223","28","4","25","13",".235",".303","52","12","1","22","32",".354",".657","6%"
"Miguel Vargas","CWS","3B,LF","401","52","13","47","9",".226",".313","91","21","2","51","98",".384",".697","1%"
"Mitch Garver","SEA","C,DH","272","33","12","37","0",".204",".297","56","11","0","36","90",".378",".675","1%"
"Chase DeLauter","CLE","CF,RF","80","10","2","10","1",".255",".313","20","5","0","7","16",".408",".720","2%"
"Paul DeJong","WSH","3B,SS","305","34","13","38","2",".208",".258","63","12","0","20","105",".375",".633","1%"
"Geraldo Perdomo","ARI","SS","437","63","6","43","14",".244",".326","107","21","3","53","84",".348",".674","3%"
"Andrew McCutchen","PIT","RF,DH","390","50","13","47","5",".229",".319","89","17","1","51","108",".380",".699","2%"
"Bryan De La Cruz","ATL","LF,RF,DH","163","20","5","21","1",".247",".292","40","8","0","10","45",".401",".693","4%"
"Yoan Moncada","LAA","3B","408","49","12","47","3",".240",".304","98","21","2","38","126",".389",".693","1%"
"Kris Bryant","COL","1B,RF","374","44","11","44","1",".243",".310","91","17","1","36","104",".387",".697","2%"
"Ty France","MIN","1B","374","45","10","45","1",".255",".308","95","19","0","29","78",".395",".703","1%"
"Alex Verdugo","","LF,RF","334","43","8","40","2",".255",".313","85","18","1","28","57",".391",".704","3%"
"Lenyn Sosa","CWS","2B,3B","330","34","10","38","2",".248",".281","82","15","1","15","74",".391",".672","0%"
"Jace Jung","DET","3B","290","35","9","34","2",".221",".312","64","14","1","38","87",".364",".676","2%"
"Mike Tauchman","CWS","LF,CF,RF,DH","327","47","8","34","6",".239",".335","78","15","1","47","82",".365",".700","0%"
"Jose Tena","WSH","2B,3B","247","28","6","28","6",".250",".293","62","12","1","15","72",".380",".673","1%"
"Seth Brown","ATH","1B,LF,RF","291","34","13","39","4",".232",".287","67","13","1","23","86",".420",".707","1%"
"Drake Baldwin","ATL","C","184","22","5","22","0",".233",".308","43","8","0","20","46",".356",".664","5%"
"Jarred Kelenic","ATL","LF,CF,RF","201","27","7","26","5",".237",".303","48","11","1","19","63",".409",".712","2%"
"Vaughn Grissom","BOS","2B","81","10","1","9","2",".259",".323","21","4","0","8","17",".369",".692","1%"
"Jake Meyers","HOU","CF","403","50","12","48","9",".235",".291","95","19","2","32","108",".382",".673","1%"
"Kyle Isbel","KC","CF","430","59","10","46","13",".237",".289","102","21","5","32","99",".378",".667","0%"
"Emmanuel Rodriguez","MIN","CF","54","9","2","7","2",".213",".344","12","2","0","11","22",".391",".735","2%"
"Agustin Ramirez","MIA","C,1B","202","24","7","25","4",".235",".299","48","10","0","18","48",".390",".689","1%"
"Esteury Ruiz","ATH","LF,CF","112","16","3","11","12",".247",".298","28","6","0","8","28",".370",".668","1%"
"Elias Diaz","SD","C","281","28","8","32","0",".230",".279","65","13","0","19","70",".356",".634","1%"
"Jake Rogers","DET","C","322","39","13","40","2",".210",".270","68","14","1","26","107",".379",".649","1%"
"Eloy Jimenez","TB","RF,DH","187","21","7","24","1",".258",".309","48","9","0","14","42",".417",".726","1%"
"Jerar Encarnacion","SF","RF","270","32","11","37","2",".234",".298","63","10","1","25","100",".402",".699","1%"
"Harrison Bader","MIN","CF","309","40","8","36","14",".238",".280","74","15","1","18","69",".375",".656","1%"
"Brandon Drury","CWS","1B,2B,3B","254","28","9","31","1",".229",".281","58","12","1","18","65",".382",".663","7%"
"Christian Moore","LAA","2B","263","37","10","33","4",".242",".293","63","12","1","19","82",".408",".700","3%"
"David Fry","CLE","C,1B,LF,RF,DH","155","20","5","21","2",".244",".312","38","8","1","15","40",".414",".726","9%"
"Dalton Rushing","LAD","C,LF","93","12","4","12","0",".219",".301","20","4","0","11","27",".387",".688","3%"
"Jack Suwinski","PIT","LF,CF,RF","163","21","7","22","4",".219",".304","36","8","1","20","55",".412",".716","0%"
"Adrian Del Castillo","ARI","C","124","15","4","16","1",".229",".297","28","7","0","12","35",".384",".681","1%"
"Hunter Renfroe","KC","RF","342","41","13","46","1",".235",".297","81","18","0","30","80",".410",".707","1%"
"Tyler Black","MIL","1B,DH","189","25","5","22","8",".231",".317","44","8","2","24","50",".373",".691","1%"
"Justin Turner","CHC","1B,DH","301","37","8","37","1",".248",".318","75","14","0","31","63",".372",".690","2%"
"Trey Sweeney","DET","SS","298","35","8","32","8",".218",".284","65","13","2","27","89",".358",".642","0%"
"Edouard Julien","MIN","2B","278","39","9","31","5",".227",".333","63","12","1","44","104",".371",".704","1%"
"Curtis Mead","TB","2B,3B","165","20","4","20","3",".254",".303","42","9","1","12","35",".395",".698","1%"
"Will Wagner","TOR","2B","289","37","5","32","2",".259",".330","75","16","1","31","59",".380",".709","1%"
"Wilmer Flores","SF","1B","303","36","10","39","0",".239",".306","72","14","0","29","52",".392",".698","0%"
"Gio Urshela","ATH","1B,3B","330","34","7","36","1",".261",".303","86","15","1","20","59",".379",".682","1%"
"Jacob Stallings","COL","C","260","28","6","29","1",".233",".304","61","13","1","26","70",".359",".663","0%"
"Jose Abreu","","1B","94","10","3","12","0",".234",".283","22","4","0","6","22",".360",".643","5%"
"Colson Montgomery","CWS","SS","340","37","9","35","3",".205",".281","70","14","1","36","112",".329",".610","2%"
"Tirso Ornelas","SD","LF","271","30","7","30","3",".235",".293","64","13","1","22","64",".363",".656","0%"
"Tim Anderson","LAA","SS","101","11","1","7","2",".250",".282","25","4","0","5","26",".316",".599","3%"
"Kyle Stowers","MIA","LF,CF,RF","366","43","14","49","2",".224",".290","82","18","2","34","126",".405",".694","0%"
"Gary Sanchez","BAL","C,DH","215","27","10","31","1",".214",".287","46","8","1","22","65",".401",".688","1%"
"Josh Rojas","CWS","2B,3B","330","40","7","32","10",".235",".309","78","15","1","35","82",".355",".664","1%"
"Mauricio Dubon","HOU","1B,2B,3B,LF,CF,RF","333","39","6","35","4",".258",".292","86","17","1","16","49",".366",".657","4%"
"Edgar Quero","CWS","C","146","17","4","18","1",".244",".314","36","7","0","15","33",".384",".699","0%"
"Brendan Rodgers","HOU","2B","238","29","6","27","0",".247",".296","59","12","1","17","59",".382",".678","1%"
"Chandler Simpson","TB","LF,CF","78","10","0","7","8",".275",".323","21","3","0","6","11",".332",".656","4%"
"Nelson Velazquez","KC","LF,RF,DH","127","17","5","17","2",".225",".293","29","6","1","12","39",".419",".711","0%"
"Colby Thomas","ATH","LF,RF","99","12","4","12","2",".224",".265","22","6","0","6","31",".398",".663","1%"
"Alek Thomas","ARI","CF","274","36","7","34","7",".250",".299","68","14","2","19","56",".396",".695","0%"
"Henry Davis","PIT","C","91","11","3","11","2",".225",".299","20","4","0","10","27",".364",".663","1%"
"Griffin Conine","MIA","LF,RF","307","35","11","39","0",".215",".286","66","13","1","31","120",".374",".660","0%"
"Nick Yorke","PIT","2B","160","19","4","18","4",".252",".311","40","8","0","14","40",".373",".684","1%"
"Ronny Mauricio","NYM","2B","81","10","2","9","3",".233",".275","19","4","0","5","19",".375",".650","1%"
"Will Benson","CIN","LF,CF,RF","160","23","6","20","8",".209",".305","33","8","1","22","63",".386",".691","1%"
"Taylor Walls","TB","SS","201","26","4","19","11",".204",".295","41","9","1","26","57",".317",".612","0%"
"Kevin Newman","LAA","1B,2B,SS","212","24","2","19","5",".245",".287","52","10","1","13","37",".337",".624","0%"
"Carson Kelly","CHC","C","248","29","7","29","1",".229",".297","57","10","0","24","56",".362",".658","0%"
"Amed Rosario","WSH","2B,3B,SS,RF,DH","207","24","3","21","7",".263",".295","55","10","2","9","42",".375",".670","2%"
"Marco Luciano","SF","2B,SS","67","8","2","7","1",".216",".298","14","3","0","8","22",".325",".623","1%"
"Kyle Teel","CWS","C","160","20","4","17","3",".237",".313","38","7","0","18","46",".354",".666","1%"
"Nick Fortes","MIA","C","302","32","7","30","3",".230",".273","69","13","1","18","52",".347",".620","0%"
"Nick Kurtz","ATH","1B","33","4","1","3","0",".237",".309","8","2","0","3","9",".381",".690","3%"
"Jon Singleton","HOU","1B","112","14","4","14","0",".207",".306","23","4","0","16","36",".361",".667","0%"
"Johan Rojas","PHI","CF","289","37","4","28","20",".246",".282","71","13","2","14","62",".352",".634","1%"
"Brett Baty","NYM","3B","160","20","6","20","1",".232",".303","37","6","0","16","45",".377",".679","1%"
"Edmundo Sosa","PHI","2B,3B,SS","170","22","5","20","4",".244",".277","41","8","2","8","45",".393",".670","1%"
"Oswaldo Cabrera","NYY","1B,2B,3B","337","43","10","40","7",".236",".293","80","16","1","27","80",".376",".669","2%"
"Zach McKinstry","DET","2B,3B,SS,LF,RF","198","24","4","19","7",".230",".291","46","9","2","17","47",".359",".650","0%"
"Christian Vazquez","MIN","C","267","27","5","27","2",".234",".276","62","11","0","16","60",".338",".614","0%"
"Richie Palacios","TB","2B,LF,CF,RF","273","37","5","29","10",".235",".324","64","13","1","36","57",".352",".675","0%"
"Randal Grichuk","ARI","LF,RF,DH","242","32","9","33","1",".255",".302","62","13","1","16","53",".429",".730","1%"
"Jose Trevino","CIN","C","231","27","7","28","1",".237",".286","55","9","0","16","44",".375",".661","0%"
"Mickey Moniak","LAA","CF,RF","292","35","12","37","6",".229",".268","67","13","2","16","91",".408",".676","1%"
"Ben Rice","NYY","1B","128","18","7","19","2",".227",".310","29","5","0","15","36",".428",".737","1%"
"Wenceel Perez","DET","CF,RF","302","40","7","31","9",".238",".300","72","14","4","27","68",".378",".678","1%"
"Victor Caratini","HOU","C,1B","196","23","6","24","1",".243",".307","48","7","0","18","45",".376",".683","1%"
"Orelvis Martinez","TOR","2B,3B","203","25","9","29","1",".219",".277","44","10","1","16","60",".413",".690","1%"
"Jacob Melton","HOU","CF,RF","144","17","4","16","7",".215",".265","31","6","0","10","43",".355",".620","0%"
"Matt Mervis","MIA","1B,DH","333","37","12","42","2",".217",".285","72","16","1","32","107",".381",".666","0%"
"Miguel Andujar","ATH","LF","325","37","8","37","4",".265",".306","86","16","1","19","51",".393",".700","1%"
"Zac Veen","COL","LF,RF","140","17","4","15","8",".233",".297","33","6","1","13","41",".367",".664","1%"
"Ryan Bliss","SEA","2B","275","34","6","28","19",".215",".278","59","12","2","24","80",".344",".622","0%"
"Bryce Eldridge","SF","1B","76","9","3","9","1",".232",".294","18","4","0","7","25",".384",".678","3%"
"Dillon Dingler","DET","C","208","24","7","25","2",".223",".279","46","10","1","16","64",".373",".652","0%"
"Tyrone Taylor","NYM","LF,CF,RF","265","35","9","33","7",".232",".276","62","14","2","16","67",".399",".675","0%"
"Jason Heyward","SD","LF,RF","290","37","10","36","4",".228",".292","66","15","1","26","68",".385",".678","0%"
"Will Brennan","CLE","LF,CF,RF","271","30","5","30","6",".268",".310","73","15","1","16","41",".388",".698","0%"
"Luis Torrens","NYM","C","186","21","6","22","1",".226",".281","42","9","0","14","53",".364",".644","0%"
"Ramon Urias","BAL","3B","218","27","7","27","1",".248",".304","54","10","1","18","53",".395",".699","1%"
"Pedro Pages","STL","C","213","22","6","24","1",".224",".286","48","8","1","18","60",".350",".636","0%"
"Blake Perkins","MIL","LF,CF,RF","195","25","4","21","9",".225",".304","44","8","1","22","57",".339",".643","1%"
"Drew Romo","COL","C","173","18","4","19","2",".242",".278","42","8","1","9","40",".372",".650","0%"
"Javier Baez","DET","SS","292","32","8","33","7",".229",".266","67","13","1","15","76",".368",".634","1%"
"Zach Dezenzo","HOU","1B","37","5","1","5","1",".229",".285","8","2","0","3","12",".371",".656","0%"
"Dairon Blanco","KC","LF,CF,RF","149","23","3","16","21",".253",".304","38","7","1","11","40",".376",".680","0%"
"Joey Loperfido","TOR","LF,CF,RF","147","19","4","17","4",".221",".279","32","7","1","12","51",".371",".650","0%"
"Ramon Laureano","BAL","LF,CF,RF","217","28","8","27","6",".233",".286","51","10","1","16","68",".398",".684","0%"
"Donovan Solano","SEA","1B,3B,DH","312","33","6","32","1",".253",".307","79","15","0","24","76",".356",".663","1%"
"James McCann","","C","172","20","5","21","2",".229",".273","39","7","0","11","49",".365",".639","1%"
"DJ LeMahieu","NYY","1B,3B","253","30","5","26","1",".240",".315","61","10","1","28","52",".344",".659","0%"
"Juan Brito","CLE","1B,2B,3B,SS,RF","217","26","5","24","3",".232",".308","50","12","0","24","46",".361",".669","1%"
"Korey Lee","CWS","C","191","19","6","19","4",".214",".255","41","8","0","11","61",".351",".606","0%"
"Mitch Haniger","SEA","RF,DH","301","35","11","37","1",".216",".283","65","11","0","28","95",".368",".651","0%"
"Derek Hill","MIA","LF,CF","295","36","8","32","10",".244",".288","72","12","3","18","89",".382",".670","0%"
"Kyle Farmer","COL","2B,3B,SS","224","27","6","26","3",".250",".298","56","11","1","15","50",".390",".687","0%"
"Yasmani Grandal","","C","154","17","5","18","1",".228",".313","35","6","0","19","38",".360",".672","1%"
"Carson Williams","TB","SS","85","11","3","10","3",".230",".292","20","4","1","8","31",".402",".694","3%"
"Rob Refsnyder","BOS","LF,CF,RF","191","26","6","25","3",".259",".335","49","10","1","22","54",".412",".747","0%"
"Sam Hilliard","COL","LF,CF,RF","173","23","7","21","5",".227",".299","39","7","1","18","62",".414",".713","0%"
"Carlos Rodriguez","ATL","LF,CF,RF","22","3","0","2","1",".262",".334","6","1","0","2","3",".311",".645","0%"
"Owen Caissie","CHC","LF,CF,RF","51","6","2","6","1",".225",".302","11","2","0","6","18",".355",".657","1%"
"Dane Myers","MIA","CF,RF","255","31","7","29","7",".243",".296","62","11","1","19","78",".376",".672","0%"
"Ben Rortvedt","TB","C","215","23","5","23","1",".214",".291","46","9","0","23","65",".322",".613","0%"
"Stuart Fairchild","CIN","LF,CF,RF","183","25","6","23","7",".228",".291","42","9","1","16","56",".389",".680","0%"
"Jared Triolo","PIT","2B,3B,SS","221","26","4","23","6",".239",".314","53","10","1","24","63",".351",".665","0%"
"Carlos Narvaez","BOS","C","162","19","4","18","2",".210",".290","34","7","0","18","55",".328",".619","0%"
"Alan Roden","TOR","LF,RF","102","13","2","12","2",".253",".324","26","5","0","11","20",".378",".701","1%"
"Tom Murphy","SF","C","129","15","5","15","1",".226",".296","29","6","0","13","42",".382",".678","0%"
"Jose Iglesias","SD","2B,3B","261","29","4","27","3",".264",".295","69","14","1","12","46",".362",".657","0%"
"Enrique Hernandez","LAD","1B,2B,3B,SS,LF,CF","237","29","7","30","1",".231",".288","55","12","1","19","51",".371",".659","5%"
"Travis Bazzana","CLE","2B","98","11","2","10","2",".206",".274","20","4","0","9","32",".311",".585","5%"
"Brady House","WSH","3B","51","5","1","6","0",".228",".265","12","2","0","3","15",".349",".614","1%"
"Chris Taylor","LAD","2B,3B,LF","231","31","7","28","6",".219",".299","51","10","1","26","84",".363",".661","1%"
"Oliver Dunn","MIL","3B","276","33","8","31","7",".215",".297","59","13","2","32","106",".356",".653","0%"
"Michael Siani","STL","CF","195","23","3","16","11",".213",".283","42","7","1","19","55",".297",".580","0%"
"Mark Canha","MIL","1B,LF,RF,DH","176","22","4","20","3",".241",".318","42","8","0","20","41",".360",".678","4%"
"Thomas Saggese","STL","2B","202","24","6","24","3",".239",".280","48","10","1","11","54",".382",".661","0%"
"Max Schuemann","ATH","2B,3B,SS,OF","123","16","2","11","4",".216",".295","26","5","0","14","37",".318",".613","0%"
"Eric Haase","MIL","C","114","13","4","15","1",".214",".268","24","4","0","8","42",".364",".632","0%"
"Jonatan Clase","TOR","LF,CF","42","6","1","4","3",".222",".289","9","2","0","4","14",".361",".650","0%"
"Ezequiel Duran","TEX","1B,3B,SS,LF","139","17","4","16","3",".247",".286","34","7","1","8","36",".398",".684","0%"
"Luis Matos","SF","CF,RF","210","24","6","24","4",".246",".292","52","11","1","13","30",".382",".674","0%"
"Addison Barger","TOR","3B,LF,RF","113","14","4","14","1",".232",".299","26","6","0","11","32",".390",".689","0%"
"Chase Meidroth","CWS","2B,3B,SS","223","29","4","22","4",".245",".339","55","10","1","32","46",".345",".684","0%"
"Connor Joe","SD","1B,LF,RF","216","28","6","24","2",".228",".310","49","11","1","26","58",".373",".683","1%"
"Samuel Basallo","BAL","C,1B","50","6","2","6","1",".239",".295","12","2","0","4","13",".384",".679","4%"
"Shay Whitcomb","HOU","3B","45","5","2","6","2",".222",".280","10","2","0","4","14",".380",".659","0%"
"Juan Yepez","WSH","1B","99","11","3","12","1",".243",".302","24","5","0","8","21",".396",".697","0%"
"Rafael Marchan","PHI","C","115","13","2","12","1",".232",".295","27","5","0","10","22",".348",".643","0%"
"Johnathan Rodriguez","CLE","RF","111","14","4","14","1",".239",".304","27","5","0","10","37",".395",".699","0%"
"Romy Gonzalez","BOS","1B,2B,3B,SS","98","13","3","13","4",".245",".289","24","5","1","6","30",".410",".699","0%"
"Santiago Espinal","CIN","2B,3B","179","20","3","20","4",".258",".309","46","9","0","13","29",".360",".669","1%"
"Marcelo Mayer","BOS","SS","49","6","1","5","1",".252",".312","12","3","0","4","13",".381",".693","4%"
"Vidal Brujan","CHC","2B,3B,SS,CF","120","15","2","11","5",".223",".287","27","5","1","11","27",".333",".620","0%"
"Austin Barnes","LAD","C","124","14","2","12","2",".218",".289","27","4","0","12","32",".311",".601","0%"
"Eguy Rosario","SD","3B","192","24","7","24","5",".224",".286","43","10","1","17","56",".389",".676","0%"
"Bryan Ramos","CWS","3B","115","13","4","13","1",".228",".282","26","5","0","9","29",".367",".649","0%"
"Davis Schneider","TOR","2B,LF","198","27","8","26","3",".216",".306","43","10","1","26","67",".397",".703","1%"
"Matt Thaiss","CWS","C","104","12","3","11","1",".210",".305","22","4","0","14","32",".327",".632","0%"
"Alex Jackson","NYY","C","108","13","4","13","1",".198",".254","21","5","0","8","36",".365",".619","0%"
"J.D. Davis","LAA","1B,3B","104","12","4","12","0",".222",".293","23","4","0","10","37",".371",".664","1%"
"Christian Bethancourt","TOR","C","78","9","3","9","1",".225",".259","18","4","0","4","22",".380",".639","0%"
"Moises Ballesteros","CHC","C","36","4","1","4","0",".237",".300","9","2","0","3","8",".361",".661","1%"
"Riley Adams","WSH","C","97","11","3","12","0",".222",".283","22","5","0","8","32",".367",".650","0%"
"Trent Grisham","NYY","CF","191","26","8","25","4",".207",".300","40","9","1","25","60",".389",".688","0%"
"Adael Amador","COL","2B","43","5","1","4","2",".238",".317","10","2","0","5","9",".376",".693","1%"
"Eddie Rosario","LAD","LF,CF,RF","128","15","4","16","2",".217",".266","28","6","0","8","32",".366",".631","1%"
"Austin Slater","CWS","LF,CF,RF","201","27","5","21","5",".233",".316","47","8","1","24","65",".356",".672","0%"
"Alex Call","WSH","LF,CF,RF","202","26","6","23","6",".221",".312","45","9","1","27","47",".357",".669","0%"
"Tyler Freeman","CLE","SS,CF","187","25","4","21","7",".254",".307","47","9","1","14","30",".373",".680","0%"
"Jon Berti","CHC","3B","152","20","2","14","8",".246",".309","37","6","1","14","37",".341",".649","0%"
"Gavin Sheets","SD","1B,RF,DH","138","14","4","16","0",".232",".293","32","7","0","12","32",".371",".664","1%"
"Adam Frazier","PIT","2B,3B,LF,RF","201","23","3","19","4",".239",".296","48","10","1","16","37",".343",".639","0%"
"Tyler Heineman","TOR","C","122","13","2","11","2",".206",".281","25","4","1","13","30",".290",".572","0%"
"Billy Cook","PIT","1B,CF,RF","101","12","3","12","3",".226",".281","23","5","1","8","31",".378",".659","0%"
"Oswald Peraza","NYY","3B,SS","192","25","6","22","8",".226",".285","43","7","0","16","51",".363",".648","0%"
"Drew Millas","WSH","C","55","6","1","6","1",".241",".304","13","3","0","5","12",".357",".661","0%"
"Liam Hicks","MIA","C","111","12","1","10","1",".235",".315","26","5","0","13","22",".319",".635","0%"
"Austin Hedges","CLE","C","163","15","3","14","2",".181",".231","30","5","0","11","51",".271",".502","0%"
"Gabriel Arias","CLE","3B,SS","207","24","6","23","5",".238",".285","49","10","1","14","62",".384",".669","0%"
"Kevin Alcantara","CHC","CF,RF","47","6","1","5","1",".240",".293","11","2","0","4","14",".353",".646","1%"
"David Peralta","","LF,RF","195","22","4","22","1",".245",".301","48","11","1","16","45",".375",".676","2%"
"Aaron Schunk","COL","2B,3B","43","4","1","4","1",".241",".281","10","2","0","2","12",".364",".644","0%"
"Brooks Baldwin","CWS","2B,SS","138","15","3","14","4",".244",".296","34","7","0","10","33",".367",".663","0%"
"Yan Gomes","","C","57","6","2","7","0",".235",".267","13","3","0","2","15",".371",".638","0%"
"Justyn-Henry Malloy","DET","LF,DH","110","14","4","13","1",".224",".324","25","5","0","16","38",".365",".689","0%"
"Whit Merrifield","","2B,3B,LF","176","22","3","17","8",".245",".300","43","8","1","14","33",".347",".648","7%"
"Blake Sabol","BOS","C","52","6","1","6","1",".228",".296","12","2","0","5","17",".355",".652","0%"
"Tyler Locklear","SEA","1B","89","11","3","11","1",".214",".283","19","4","0","9","29",".353",".637","0%"
"Sean Bouchard","COL","LF,RF","162","22","6","20","4",".240",".321","39","9","2","19","51",".427",".748","0%"
"Luke Keaschall","MIN","1B,2B,CF","79","11","2","10","2",".247",".317","20","4","0","8","20",".377",".694","1%"
"Miguel Rojas","LAD","2B,3B,SS","150","18","2","15","3",".253",".300","38","7","0","10","20",".353",".653","1%"
"Dylan Carlson","BAL","LF,CF,RF","74","9","2","8","1",".231",".302","17","4","0","8","19",".368",".670","0%"
"Jhonny Pereda","ATH","C","92","9","1","9","0",".235",".306","22","4","0","9","23",".319",".626","0%"
"Payton Eeles","MIN","2B,SS","13","2","0","1","1",".245",".314","3","1","0","1","3",".363",".677","0%"
"Jac Caglianone","KC","1B","60","7","1","6","1",".217",".261","13","3","0","4","16",".324",".585","7%"
"Adam Duvall","","LF,CF,RF","170","20","8","24","1",".208",".259","35","7","0","12","57",".396",".656","2%"
"Andy Ibanez","DET","1B,2B,3B","171","19","4","19","2",".237",".289","40","9","1","12","38",".371",".660","0%"
"Jose Herrera","ARI","C","89","10","1","8","0",".218",".290","19","3","0","9","22",".296",".586","0%"
"Luis Urias","ATH","3B","225","28","7","26","2",".220",".298","50","10","1","25","59",".363",".661","0%"
"Jorge Mateo","BAL","2B","128","18","3","13","10",".229",".272","29","7","1","7","34",".378",".650","0%"
"Stone Garrett","WSH","LF,RF,DH","28","3","1","4","0",".223",".287","6","1","0","2","9",".352",".639","0%"
"Garrett Stubbs","PHI","C","58","7","1","5","1",".211",".284","12","2","0","6","17",".292",".576","0%"
"Chadwick Tromp","ATL","C","58","6","1","7","0",".226",".284","13","3","0","5","15",".335",".619","0%"
"Jake Bauers","MIL","1B,LF,RF","69","9","3","9","2",".201",".290","14","3","0","9","26",".373",".663","0%"
"Cole Young","SEA","2B,SS","97","11","2","10","2",".229",".301","22","5","0","10","21",".340",".642","1%"
"Javier Sanoja","MIA","2B,SS,CF","170","18","2","16","5",".262",".306","44","9","1","11","17",".362",".668","0%"
"Jason Delay","PIT","C","42","4","0","4","0",".227",".278","9","2","0","3","10",".302",".580","0%"
"Kyle McCann","ATH","C","33","3","1","4","0",".207",".275","7","1","0","3","13",".349",".624","0%"
"Oscar Colas","CWS","CF,RF","175","19","5","18","3",".227",".284","40","7","1","14","50",".357",".641","0%"
"Justin Crawford","PHI","CF","14","2","0","1","1",".257",".298","4","1","0","1","3",".374",".672","1%"
"Michael A. Taylor","CWS","CF","164","19","5","17","5",".213",".270","35","6","1","13","58",".352",".622","0%"
"Scott Kingery","LAA","2B,SS","59","6","2","6","2",".201",".257","12","2","0","4","21",".336",".592","0%"
"Tomas Nido","DET","C","41","4","1","4","0",".221",".257","9","2","0","2","11",".324",".581","0%"
"Yanquiel Fernandez","COL","RF","21","2","0","2","0",".244",".293","5","1","0","1","5",".367",".660","0%"
"Luke Maile","KC","C","34","3","1","3","0",".213",".281","7","2","0","3","11",".308",".589","0%"
"Grant McCray","SF","CF","121","15","3","13","5",".216",".276","26","5","1","10","44",".357",".633","0%"
"Curt Casali","ATL","C","37","4","1","4","0",".211",".294","8","1","0","4","10",".301",".596","0%"
"Nicky Lopez","CHC","2B,3B,SS","64","7","0","4","2",".237",".297","15","2","1","5","11",".292",".589","1%"
"Omar Narvaez","CWS","C","37","4","1","4","0",".212",".287","8","2","0","4","9",".304",".591","0%"
"Hao-Yu Lee","DET","2B","29","3","1","3","0",".250",".298","7","1","0","2","6",".364",".662","0%"
"Martin Maldonado","SD","C","62","6","2","7","0",".179",".238","11","2","0","5","23",".307",".545","0%"
"Sam Huff","SF","C","39","4","1","4","0",".215",".270","8","2","0","3","14",".347",".616","0%"
"Angel Martinez","CLE","LF,CF","89","11","2","9","2",".240",".300","21","5","0","8","19",".363",".664","0%"
"Jeferson Quero","MIL","C","30","3","1","4","0",".222",".280","7","1","0","2","7",".382",".662","1%"
"Manuel Margot","MIL","LF,CF,RF","84","10","1","10","2",".255",".304","21","5","0","6","16",".373",".677","0%"
"J.C. Escarra","NYY","C,1B,3B","57","7","1","6","0",".217",".286","12","3","0","6","12",".348",".634","0%"
"Seby Zavala","BOS","C","27","3","1","3","0",".190",".258","5","1","0","2","11",".307",".564","0%"
"Rowdy Tellez","SEA","1B","99","11","4","14","0",".229",".295","23","4","0","9","24",".399",".694","2%"
"Logan Driscoll","TB","C","35","4","1","4","0",".224",".277","8","2","0","3","10",".364",".641","0%"
"Austin Wynns","CIN","C","31","3","1","3","0",".227",".283","7","1","0","2","9",".358",".641","0%"
"Dylan Beavers","BAL","CF,RF","30","4","1","3","1",".218",".302","7","1","0","4","8",".353",".655","0%"
"Jair Camargo","MIN","C","26","3","1","3","0",".207",".253","5","1","0","2","10",".370",".623","0%"
"Pedro Leon","HOU","RF","36","4","1","4","2",".211",".277","8","2","0","3","13",".360",".636","0%"
"Max Stassi","SF","C","32","3","1","3","0",".193",".271","6","1","0","3","10",".312",".583","0%"
"Victor Mesa Jr.","MIA","LF,CF","73","8","2","8","1",".227",".272","17","4","0","5","19",".353",".625","0%"
"Joshua Palacios","PIT","LF,CF,RF","98","12","3","12","2",".246",".304","24","5","0","8","23",".375",".679","0%"
"Nacho Alvarez Jr.","ATL","2B","39","5","1","4","1",".253",".329","10","2","0","4","9",".342",".671","0%"
"Ben Gamel","HOU","LF,RF","140","18","4","15","1",".227",".316","32","7","1","18","42",".359",".675","0%"
"Alexander Canario","NYM","LF,RF","48","6","2","6","1",".210",".276","10","2","0","4","17",".378",".654","0%"
"Jakson Reetz","NYM","C","33","4","1","4","0",".196",".262","7","2","0","3","11",".349",".611","0%"
"Joey Gallo","","1B,LF,CF,RF","112","15","6","16","1",".174",".287","20","4","0","18","51",".378",".665","1%"
"Austin Martin","MIN","2B,LF,CF","123","17","1","11","6",".242",".320","30","7","0","14","25",".338",".658","0%"
"Joey Wiemer","KC","LF,CF,RF","131","16","3","14","4",".214",".287","28","6","1","13","42",".341",".628","0%"
"Rene Pinto","ARI","C","17","2","1","2","0",".204",".244","3","1","0","1","6",".333",".577","0%"
"Cesar Salazar","HOU","C","14","2","0","2","0",".205",".278","3","1","0","1","3",".279",".557","0%"
"Reese McGuire","CHC","C","30","3","0","3","0",".221",".275","7","1","0","2","9",".306",".580","0%"
"Jett Williams","NYM","SS","16","2","0","1","1",".198",".316","3","1","0","3","5",".273",".590","1%"
"Brett Sullivan","SD","C,1B","21","2","0","2","0",".214",".268","4","1","0","2","4",".303",".571","0%"
"Garrett Hampson","ARI","2B,SS,LF,CF,RF","87","10","1","8","3",".235",".290","20","4","1","7","25",".321",".611","0%"
"Keston Hiura","COL","1B,2B","26","3","1","4","0",".242",".298","6","1","0","2","9",".475",".773","0%"
"Ildemaro Vargas","ARI","2B,3B,SS,LF","79","8","0","7","1",".242",".287","19","4","0","5","10",".315",".602","0%"
"Chuckie Robinson","LAA","C","17","2","0","2","0",".202",".243","3","0","0","1","5",".302",".545","0%"
"Eric Wagaman","MIA","3B","120","13","3","14","2",".242",".293","29","6","1","9","27",".391",".684","0%"
"Hunter Feduccia","LAD","C","20","2","0","2","0",".217",".301","4","1","0","2","6",".292",".593","0%"
"Joe Mack","MIA","C","19","2","0","2","0",".215",".279","4","1","0","2","6",".342",".621","0%"
"Tucker Barnhart","TEX","C","18","2","0","1","0",".194",".271","4","1","0","2","6",".245",".515","0%"
"Gustavo Campero","LAA","RF","24","3","1","3","1",".236",".295","6","1","0","2","5",".361",".656","0%"
"Blake Hunt","SEA","C","16","2","0","2","0",".191",".233","3","1","0","1","5",".303",".537","0%"
"Daniel Schneemann","CLE","3B,SS,CF,RF","155","18","4","16","4",".218",".302","34","8","1","19","48",".346",".647","0%"
"Brian Serven","DET","C","20","2","0","2","0",".188",".246","4","1","0","2","7",".288",".534","0%"
"Nathan Lukes","TOR","LF,RF","67","8","1","7","1",".260",".317","18","3","0","6","13",".372",".689","0%"
"Jimmy Crooks III","STL","C","16","2","0","2","0",".246",".310","4","1","0","1","4",".361",".672","0%"
"Luca Tresh","KC","C","12","1","0","1","0",".223",".280","3","1","0","1","3",".346",".626","0%"
"Harry Ford","SEA","1B","21","3","0","2","1",".215",".320","4","1","0","3","6",".331",".650","0%"
"David Banuelos","BAL","C","13","2","0","2","0",".185",".258","2","0","0","1","5",".287",".545","0%"
"Austin Shenton","SEA","1B","43","5","1","5","0",".210",".294","9","2","0","5","16",".363",".657","0%"
"Andrew Knizner","WSH","C","25","3","1","3","0",".206",".259","5","1","0","2","7",".337",".597","0%"
"Brett Wisely","SF","2B,SS","142","17","3","15","3",".232",".294","33","7","1","12","37",".359",".652","0%"
"Dom Nunez","CLE","C","14","1","0","1","0",".179",".264","2","0","0","2","5",".207",".471","0%"
"Blaze Alexander","ARI","2B,3B,SS","136","16","3","15","2",".229",".288","31","6","1","11","46",".345",".633","0%"
"Andruw Monasterio","MIL","2B,3B","97","12","1","10","3",".231",".308","22","4","0","11","27",".324",".632","0%"
"Casey Schmitt","SF","2B,3B,SS","73","8","2","9","1",".236",".280","17","3","0","5","18",".366",".646","0%"
"Nick Gordon","BAL","2B,LF,CF","89","10","2","9","2",".227",".262","20","4","0","4","22",".349",".610","0%"
"Gage Workman","CHC","3B,SS","97","12","2","11","3",".217",".279","21","4","1","8","37",".352",".631","1%"
"Jake Mangum","TB","LF,CF","127","14","1","12","4",".252",".285","32","7","1","6","28",".350",".636","0%"
"Aramis Garcia","ARI","C","24","2","0","2","0",".160",".191","4","1","0","1","9",".246",".437","0%"
"Dominic Canzone","SEA","LF,RF","88","10","3","11","1",".228",".290","20","4","0","8","21",".383",".672","0%"
"Drew Waters","KC","CF,RF","111","15","3","12","4",".233",".303","26","6","1","11","37",".382",".685","0%"
"Cooper Bowman","ATH","2B,CF","27","3","1","3","2",".214",".285","6","1","0","3","8",".320",".605","0%"
"Andres Chaparro","WSH","1B,DH","58","7","2","8","0",".236",".297","14","3","0","5","14",".395",".691","0%"
"Sandy Leon","ATL","C","17","1","0","1","0",".166",".254","3","0","0","2","6",".207",".461","0%"
"Anthony Rendon","LAA","3B","53","6","1","5","1",".234",".317","13","3","0","6","10",".335",".652","1%"
"Darell Hernaiz","ATH","3B,SS","122","14","2","12","3",".247",".295","30","6","0","8","23",".352",".648","0%"
"Luken Baker","STL","1B,DH","111","13","5","16","0",".217",".296","24","5","0","13","34",".405",".701","0%"
"Zach DeLoach","CWS","LF,RF","35","4","1","3","1",".210",".287","7","1","0","4","12",".307",".594","0%"
"Denzel Clarke","ATH","CF","38","4","1","3","2",".204",".270","8","2","0","3","14",".340",".611","0%"
"James Triantos","CHC","2B","32","4","0","3","2",".247",".293","8","1","0","2","5",".360",".653","1%"
"Liover Peguero","PIT","2B,SS","48","5","1","5","2",".228",".278","11","2","0","3","13",".353",".631","0%"
"Enmanuel Valdez","PIT","2B","63","7","2","8","1",".225",".291","14","3","0","6","17",".371",".663","0%"
"Ryan Noda","LAA","1B","41","5","2","5","0",".189",".306","8","2","0","7","17",".332",".639","0%"
"Robbie Grossman","","LF,RF,DH","125","16","3","13","1",".221",".319","28","6","0","18","36",".336",".655","0%"
"Matthew Lugo","LAA","LF","25","3","1","3","1",".228",".280","6","1","0","2","8",".424",".704","0%"
"Kevin Pillar","TEX","LF,CF,RF","104","13","3","13","3",".228",".268","24","5","0","6","26",".377",".645","2%"
"Drew Gilbert","NYM","CF","17","2","1","2","0",".197",".277","3","1","0","2","4",".354",".631","1%"
"Nick Senzel","","3B,LF,CF,RF","93","12","3","10","2",".230",".298","21","4","0","9","23",".358",".656","0%"
"DJ Stewart","PIT","LF,RF,DH","110","13","4","14","1",".212",".307","23","4","0","15","35",".369",".676","0%"
"Dustin Harris","TEX","3B,LF,CF,DH","22","3","0","2","1",".223",".295","5","1","0","2","6",".329",".624","0%"
"Nick Allen","ATL","SS","117","14","1","11","3",".247",".304","29","6","0","10","21",".332",".636","0%"
"Brandon Lockridge","SD","LF,CF","49","6","1","5","4",".228",".294","11","2","0","5","15",".316",".610","0%"
"Tyler Wade","SD","2B,3B,SS,LF","106","14","1","8","7",".218",".280","23","4","0","9","28",".286",".566","0%"
"Tre' Morgan","TB","1B,LF","19","2","1","2","0",".260",".321","5","1","0","2","4",".410",".730","0%"
"Corey Julks","CWS","LF,RF","65","8","1","6","2",".230",".291","15","3","0","6","17",".351",".642","0%"
"Jordan Diaz","","1B,2B,3B","27","3","1","3","0",".248",".290","7","1","0","2","6",".405",".694","0%"
"Emmanuel Rivera","BAL","1B,3B","52","6","1","6","0",".236",".293","12","2","0","4","13",".374",".668","0%"
"Jared Young","NYM","1B,3B,LF","14","2","0","2","0",".223",".304","3","1","0","2","4",".371",".675","0%"
"Ji Hwan Bae","PIT","CF,RF","67","9","1","6","4",".252",".322","17","3","0","7","18",".359",".681","0%"
"Weston Wilson","PHI","IF,LF","84","11","3","11","3",".214",".287","18","3","0","9","28",".369",".656","0%"
"Jakob Marsee","MIA","CF","35","4","1","3","2",".203",".296","7","1","0","5","10",".297",".593","0%"
"Nick Loftin","KC","2B,3B","109","13","2","12","2",".242",".308","26","5","0","10","20",".347",".655","0%"
"Nasim Nunez","WSH","SS","55","7","0","4","4",".222",".310","12","2","0","7","14",".274",".585","0%"
"Enrique Bradfield Jr.","BAL","LF,CF","23","3","0","2","3",".242",".320","6","1","0","3","5",".330",".650","0%"
"Max Acosta","MIA","2B,SS","116","13","2","11","5",".245",".287","28","6","1","7","24",".354",".641","0%"
"Graham Pauley","MIA","3B","111","13","3","12","2",".218",".284","24","5","0","10","30",".358",".642","0%"
"Cavan Biggio","KC","1B,2B,3B,RF","68","9","1","7","1",".210",".311","14","3","0","10","22",".319",".630","1%"
"Trey Lipscomb","WSH","3B","54","6","1","5","2",".237",".279","13","2","0","3","12",".315",".595","0%"
"Everson Pereira","NYY","LF,CF,RF","106","14","4","14","3",".228",".282","24","5","1","8","38",".402",".684","0%"
"Wade Meckler","SF","CF","54","7","1","5","1",".261",".337","14","3","0","6","11",".367",".704","0%"
"Matt Carpenter","","1B,DH","70","8","3","9","0",".199",".291","14","3","0","9","25",".359",".650","0%"
"Otto Kemp","PHI","2B,3B","28","3","1","3","1",".216",".296","6","1","0","3","9",".316",".612","0%"
"Leo Jimenez","TOR","2B,SS","66","9","1","7","1",".237",".300","16","3","0","6","16",".360",".660","0%"
"Taylor Trammell","HOU","LF,CF,RF","70","9","3","9","2",".208",".294","15","3","0","9","25",".358",".652","0%"
"Brock Wilken","MIL","3B","21","2","1","2","0",".197",".288","4","1","0","3","7",".340",".628","0%"
"Daz Cameron","BAL","LF,CF,RF","58","7","2","6","2",".222",".284","13","3","0","5","17",".362",".646","0%"
"Tim Tawa","ARI","1B,2B,CF","32","4","1","4","0",".227",".282","7","2","0","2","9",".359",".641","0%"
"Nick Pratto","KC","1B","78","10","2","9","1",".211",".286","17","4","0","8","30",".351",".637","0%"
"Justin Foscue","TEX","IF,DH","16","2","0","2","0",".204",".289","3","1","0","2","4",".310",".599",""
"DaShawn Keirsey","MIN","CF","73","8","1","7","4",".235",".289","17","3","1","6","21",".356",".645","0%"
"Myles Straw","TOR","CF","68","8","0","5","3",".226",".289","15","3","0","6","15",".283",".571","0%"
"Vinny Capra","MIL","2B,3B,SS","107","12","1","10","2",".231",".297","25","5","0","10","26",".327",".624","0%"
"RJ Schreck","TOR","LF,RF","18","2","0","2","0",".227",".311","4","1","0","2","5",".371",".683","0%"
"Greg Jones","COL","CF,RF","46","6","1","4","3",".220",".273","10","2","0","3","19",".352",".624","0%"
"Dominic Smith","NYY","1B","37","4","1","4","0",".225",".292","8","2","0","3","10",".377",".669","0%"
"Aledmys Diaz","","1B,2B,3B,SS,LF","76","7","2","8","0",".227",".269","17","4","0","4","16",".345",".614","0%"
"Travis Jankowski","CWS","LF,CF,RF,DH","83","10","0","6","4",".227",".302","19","3","0","9","19",".286",".588","0%"
"Dominic Fletcher","CWS","CF,RF","123","12","2","11","1",".226",".281","28","5","1","9","31",".325",".606","0%"
"Kody Clemens","PHI","1B,3B","50","6","2","7","0",".220",".273","11","2","0","4","14",".402",".675","0%"
"Abraham Toro","BOS","2B,3B","39","5","1","4","0",".244",".298","10","2","0","3","8",".386",".683","2%"
"Cal Stevenson","PHI","CF","48","7","1","5","2",".228",".328","11","2","0","7","12",".345",".673","0%"
"Eli White","ATL","LF,CF,RF","53","7","1","6","3",".226",".289","12","2","0","5","17",".337",".626","0%"
"Luis Guillorme","HOU","2B,3B","82","9","0","7","1",".235",".316","19","4","0","10","17",".310",".626","0%"
"Jared Serna","MIA","2B,SS","51","6","1","5","1",".233",".289","12","3","0","4","11",".356",".645","0%"
"Robert Hassell III","WSH","CF,RF","92","10","1","8","2",".219",".282","20","4","0","8","27",".311",".594","1%"
"Luke Williams","ATL","2B","40","5","1","4","2",".216",".275","9","2","0","3","12",".314",".589","0%"
"Danny Mendick","","2B,3B","46","5","1","4","1",".221",".267","10","2","0","3","11",".332",".599","0%"
"Jorge Barrosa","ARI","LF,CF","40","5","1","4","1",".226",".302","9","2","0","4","8",".333",".635","0%"
"Matt Duffy","","1B,2B,3B","66","6","1","5","0",".229",".284","15","2","0","5","16",".309",".593","0%"
"Duke Ellis","NYY","LF,CF","20","2","0","1","2",".178",".243","4","0","0","2","7",".259",".502","0%"
"Bobby Dalbec","CWS","1B,3B","52","6","2","6","1",".196",".267","10","2","0","5","22",".343",".610","0%"
"Miguel Sano","","1B,3B","52","6","2","7","0",".207",".283","11","2","0","5","21",".372",".655","0%"
"Jose Fermin","STL","2B,3B","32","4","1","3","1",".234",".309","8","1","0","4","5",".331",".640","0%"
"Garrett Cooper","ATL","1B","29","3","1","4","0",".238",".302","7","1","0","3","9",".361",".663","0%"
"Brett Harris","ATH","3B","44","5","1","4","1",".220",".292","10","2","0","5","11",".324",".617","0%"
"Michael Helman","STL","SS,CF","36","4","1","4","1",".214",".269","8","2","0","3","9",".368",".637","0%"
"Kameron Misner","TB","CF,RF","47","6","1","5","1",".197",".281","9","2","0","6","19",".336",".617","0%"
"Yuli Gurriel","SD","1B","42","4","1","4","1",".230",".286","10","2","0","3","8",".344",".630","0%"
"Grae Kessinger","ARI","2B,3B","33","4","1","3","1",".209",".277","7","1","0","3","10",".299",".576","0%"
"Alika Williams","PIT","2B,SS","42","5","1","4","1",".232",".285","10","2","0","3","10",".327",".612","0%"
"Nick Ahmed","TEX","SS","38","4","1","4","1",".213",".254","8","1","0","2","10",".297",".551","0%"
"Miles Mastrobuoni","SEA","2B,3B,SS","37","4","0","3","2",".219",".291","8","2","0","4","9",".297",".588","0%"
"Nick Maton","CWS","2B,3B,SS","34","4","1","4","0",".215",".302","7","2","0","4","10",".348",".649","0%"
"Joey Wendle","","2B,3B,SS","45","4","0","3","1",".230",".262","10","2","0","2","10",".320",".582","0%"
"Elehuris Montero","","1B,3B","25","3","1","3","0",".238",".293","6","1","0","2","8",".403",".696","1%"
"Tyler Gentry","KC","RF","38","4","1","4","0",".221",".291","8","2","0","4","12",".362",".654","0%"
"David Hensley","DET","2B,RF","39","4","1","4","1",".207",".284","8","2","0","4","13",".304",".589","0%"
"Bryce Johnson","PIT","CF,RF","33","4","0","2","2",".217",".289","7","1","0","3","9",".285",".574","0%"
"Nick Sogard","BOS","2B,3B,SS","30","4","0","3","1",".234",".312","7","1","0","3","8",".298",".610","0%"
"Charles Leblanc","ATL","2B,3B","35","4","1","3","0",".213",".308","7","1","0","5","12",".331",".639","0%"
"Blake Dunn","CIN","LF","55","7","1","6","3",".227",".294","13","2","0","5","19",".331",".625","0%"
"Forrest Wall","SD","LF","17","2","0","1","1",".215",".279","4","1","0","1","6",".308",".587","0%"
"Akil Baddoo","DET","LF","32","4","1","3","2",".209",".293","7","1","0","4","10",".350",".644","0%"
"Mickey Gasper","MIN","1B,2B","29","4","1","3","0",".248",".337","7","2","0","4","6",".378",".715","0%"
"Jacob Hurtubise","CIN","LF","33","5","0","3","2",".235",".319","8","1","0","4","9",".290",".609","0%"
"Edward Olivares","","LF,RF","19","2","1","2","0",".252",".302","5","1","0","1","4",".393",".695","0%"
"Mike Brosseau","SD","1B,3B","27","3","1","3","0",".209",".268","6","1","0","2","8",".338",".606","0%"
"Michael Stefanic","TOR","2B,3B","37","4","0","3","0",".252",".319","9","1","0","4","5",".310",".628","0%"
"Oscar Gonzalez","SD","RF","36","4","1","4","0",".241",".273","9","2","0","2","9",".377",".649","0%"
"Niko Kavadas","LAA","1B,DH","32","4","1","4","0",".190",".293","6","1","0","5","14",".353",".647","0%"
"Bligh Madris","DET","1B","26","3","1","3","1",".209",".280","5","1","0","3","8",".344",".624","0%"
"David Villar","SF","1B","28","3","1","3","0",".209",".280","6","1","0","3","9",".344",".624","0%"
"Jahmai Jones","DET","2B,RF","30","4","1","3","1",".226",".310","7","1","0","4","9",".356",".667","0%"
"Kyren Paris","LAA","2B","31","4","0","3","2",".198",".281","6","1","0","4","12",".280",".562","0%"
"Brewer Hicklen","MIL","LF,RF","26","3","1","3","2",".195",".274","5","1","0","3","10",".349",".623","0%"
"Darren Baker","WSH","2B,LF","32","3","0","2","1",".243",".293","8","1","0","2","7",".288",".581","0%"
"Darick Hall","PIT","1B","28","3","1","3","0",".220",".281","6","1","0","2","8",".352",".633","0%"
"Christian Cairo","ATL","2B,3B,SS","26","3","0","2","1",".218",".308","6","1","0","3","7",".279",".587","0%"
"Tim Elko","CWS","1B","33","3","1","3","0",".228",".265","7","1","0","2","12",".353",".619","0%"
"Matt Koperniak","STL","LF,CF,RF","32","3","1","3","0",".241",".292","8","1","0","2","7",".355",".647","0%"
"Isaac Collins","MIL","LF","20","2","0","2","1",".213",".309","4","1","0","3","5",".307",".616","0%"
"Cooper Hummel","HOU","1B,LF","19","2","0","2","0",".213",".312","4","1","0","3","6",".311",".622","0%"
"Zach Remillard","","2B,3B,OF","24","2","0","2","1",".210",".266","5","1","0","2","7",".292",".558","0%"
"Trenton Brooks","SD","1B","16","2","0","2","0",".215",".294","3","1","0","2","4",".327",".620","0%"
"David Bote","LAD","3B","28","3","1","3","0",".224",".285","6","1","0","2","8",".361",".647","0%"
"Ryan Kreidler","DET","SS","23","3","0","2","1",".182",".260","4","1","0","2","8",".265",".525","0%"
"CJ Alexander","ATH","1B,3B","19","2","1","2","0",".219",".265","4","1","0","1","5",".358",".623","0%"
"Osleivis Basabe","SF","2B,3B,SS,OF","19","2","0","2","0",".258",".297","5","1","0","1","3",".339",".636","0%"
"Nick Madrigal","NYM","2B,3B","25","3","0","2","0",".264",".302","7","1","0","1","3",".329",".630","0%"
"Jonathan Ornelas","TEX","3B,SS","26","3","0","2","0",".225",".280","6","1","0","2","8",".284",".565","0%"
"Steward Berroa","TOR","CF,RF","23","3","0","2","2",".216",".296","5","1","0","3","7",".308",".604","0%"
"Jonathon Long","CHC","1B,3B","14","2","0","2","0",".232",".301","3","1","0","1","5",".382",".683","0%"
"Tyler Callihan","CIN","2B","20","2","0","2","1",".221",".278","5","1","0","2","7",".343",".620","0%"
"Drew Avans","ATH","CF","57","7","1","5","2",".218",".292","12","2","1","6","19",".314",".607","0%"
"Mason McCoy","SD","SS","26","2","0","2","1",".186",".246","5","1","0","2","9",".278",".523","0%"
"Petey Halpin","CLE","CF","15","2","0","2","0",".213",".280","3","1","0","1","4",".313",".593","0%"
"Jorbit Vivas","NYY","2B,3B","31","4","1","3","1",".222",".303","7","2","0","4","6",".334",".637","0%"
"Jacob Amaya","CWS","SS","47","5","1","5","1",".208",".278","10","2","0","5","13",".295",".573","0%"
"Livan Soto","BAL","IF,2B","23","2","0","2","0",".235",".309","5","1","0","2","6",".317",".625","0%"
"Luis De Los Santos","NYM","3B","17","2","0","2","0",".201",".265","4","1","0","2","5",".326",".590","0%"
"Samad Taylor","SEA","2B,SS,LF,CF,RF","43","5","1","4","3",".219",".307","9","2","0","5","13",".323",".630","0%"
"Cade Marlowe","SEA","LF,CF,RF","20","2","0","2","1",".195",".274","4","1","0","2","7",".289",".563","0%"
"Logan Davidson","ATH","2B,3B,SS,LF,RF","27","3","1","3","0",".214",".271","6","1","0","2","9",".358",".629","0%"
"Coco Montes","TB","2B","11","1","0","1","0",".226",".284","2","1","0","1","3",".362",".646","0%"
"Braden Shewmake","NYY","2B,3B,SS","17","2","0","2","0",".187",".228","3","1","0","1","4",".285",".512","0%"
"Luke Ritter","NYM","1B,2B,3B,LF","17","2","0","2","0",".185",".256","3","0","0","2","7",".264",".520","0%"
"Luis Vazquez","BAL","3B,SS","21","2","0","2","0",".215",".275","4","1","0","2","6",".315",".590","0%"
"Sammy Siani","PIT","LF,CF,RF","11","1","0","1","0",".225",".286","2","0","0","1","3",".332",".618","0%"
"Ryan Vilade","STL","LF,RF","23","2","0","2","0",".232",".300","5","1","0","2","7",".333",".633","0%"
"Tristan Gray","CWS","1B,3B","19","2","1","2","0",".200",".260","4","1","0","2","7",".380",".640","0%"
"Jesus Bastidas","HOU","SS","19","2","1","2","0",".215",".268","4","1","0","1","6",".346",".614","0%"
"Quincy Hamilton","HOU","LF,CF,RF","10","1","0","1","0",".205",".277","2","0","0","1","3",".334",".611","0%"
"Andre Lipcius","CWS","1B,3B","14","2","0","2","0",".226",".294","3","1","0","1","4",".356",".651","0%"
"Armando Alvarez","MIN","1B,3B","15","2","0","2","0",".230",".288","4","1","0","1","4",".373",".661","0%"
"Nick Martini","COL","LF,RF,DH","43","6","1","6","0",".242",".316","10","2","0","5","12",".402",".719","1%"
"Joey Meneses","NYM","1B,DH","27","3","1","3","0",".241",".290","7","1","0","2","6",".376",".666","1%"
"Aaron Hicks","","LF,CF,RF","6","1","0","1","0",".222",".311","1","0","0","1","2",".349",".660","0%"
"Tyler Nevin","","1B,3B,LF,RF","89","10","3","10","0",".231",".304","20","4","0","9","22",".374",".678","1%"
"Gilberto Celestino","NYM","LF,CF,RF","7","1","0","1","0",".226",".289","2","0","0","1","2",".314",".603","0%"
"Willie Calhoun","","RF,DH","14","2","0","2","0",".247",".312","3","1","0","1","2",".371",".684","0%"
"Tony Kemp","","2B,LF","13","2","0","1","0",".230",".299","3","1","0","1","2",".318",".617","0%"
"Kenedy Corona","HOU","CF,RF","8","1","0","1","0",".212",".268","2","0","0","1","2",".330",".599","0%"
"Harold Castro","KC","1B,2B,3B,SS,CF","32","3","1","4","0",".258",".282","8","2","0","1","7",".355",".636","1%"
"Patrick Wisdom","","1B,3B,OF","36","5","2","5","1",".204",".276","7","2","0","4","14",".427",".703","1%"
"Billy Hamilton","","LF,CF,RF","19","2","0","1","0",".186",".242","4","1","0","1","7",".274",".516","0%"
"Jack Lopez","SEA","2B,SS","21","2","0","2","1",".191",".230","4","1","0","1","7",".285",".515","1%"
"Cristian Pache","ARI","LF,CF","52","5","1","5","1",".210",".278","11","2","0","5","16",".305",".583","0%"
"Niko Goodrum","SD","SS,LF","24","3","1","3","1",".206",".312","5","1","0","4","9",".329",".641","0%"
"Levi Jordan","CIN","2B,LF,RF","8","1","0","1","0",".231",".280","2","0","0","1","2",".344",".623","0%"
"Donovan Walton","NYM","2B","31","3","0","2","0",".200",".266","6","1","0","3","6",".286",".551","0%"
"Alejo Lopez","ATH","2B,3B","56","6","1","5","2",".241",".325","13","3","0","7","9",".318",".643","0%"
"Phil Clarke","TOR","C","16","2","0","1","0",".227",".319","4","1","0","2","3",".290",".609","0%"
"Daniel Vogelbach","","DH","8","1","0","1","0",".229",".329","2","0","0","1","2",".377",".706","0%"
"Ben Cowles","CHC","2B,3B,SS","14","2","0","1","0",".236",".297","3","1","0","1","4",".353",".650","0%"
"Jake Cave","","1B,LF,CF,RF","24","3","1","3","0",".233",".289","6","1","0","2","8",".377",".666","1%"
"Jose Barrero","STL","SS,CF","78","9","2","9","2",".203",".250","16","3","0","5","29",".344",".595","0%"
"Estevan Florial","","LF,CF,RF","55","7","2","6","3",".201",".293","11","2","0","7","21",".362",".655","0%"
"Spencer Jones","NYY","CF","51","6","2","6","2",".212",".281","11","2","0","5","19",".371",".652","2%"
"Wander Franco","TB","SS","31","5","1","4","2",".279",".338","9","2","0","3","4",".461",".799","1%"
"Max Muncy","ATH","2B,SS","60","7","1","6","1",".219",".274","13","3","0","5","20",".339",".613","0%"
"Rece Hinds","CIN","RF","41","5","2","5","1",".208",".260","8","2","0","3","16",".384",".645","0%"
"Tsung-Che Cheng","PIT","2B,SS","54","6","1","5","2",".207",".291","11","3","0","6","14",".291",".582","0%"
"Leo Rivas","SEA","2B,SS","51","6","0","4","3",".213",".314","11","2","0","7","15",".269",".583","0%"
"Pablo Reyes","NYY","2B,3B,SS","31","4","1","4","1",".240",".305","7","1","0","3","7",".359",".663","0%"
"Jose Azocar","NYM","LF,CF,RF","32","4","1","3","2",".221",".260","7","1","0","2","7",".317",".576","0%"
"Mike Ford","MIN","1B,DH","35","4","2","4","0",".213",".303","7","1","0","4","10",".395",".698","0%"
"Trey Mancini","ARI","1B,LF,RF","34","4","1","4","0",".235",".296","8","2","0","3","9",".393",".688","2%"
"Rodolfo Castro","PHI","2B,3B,SS","32","4","1","3","1",".208",".271","7","1","0","3","10",".356",".627","0%"
"Rafael Ortega","NYM","LF,CF","24","3","1","3","1",".200",".307","5","1","0","4","7",".324",".631","0%"
"Sandro Fabian","","LF,RF","21","3","1","3","0",".228",".272","5","1","0","1","4",".377",".649","0%"
"Michael Chavis","LAD","1B,2B,3B","31","4","1","3","1",".205",".255","6","1","0","2","9",".341",".596","0%"
"Jamie Westbrook","TB","2B,RF","25","3","1","3","0",".236",".307","6","1","0","3","6",".362",".670","0%"
"Jud Fabian","BAL","LF,CF","25","3","1","3","1",".198",".268","5","1","0","2","10",".337",".605","0%"
"Nick Solak","PIT","LF,DH","29","3","1","3","1",".206",".296","6","1","0","4","5",".299",".595","0%"
"Conner Capel","ATL","LF,RF","29","3","1","3","1",".205",".306","6","1","0","4","8",".300",".605","0%"
"Alan Trejo","TEX","2B,3B,SS","33","3","1","3","1",".207",".265","7","1","0","3","9",".310",".575","0%"
"Jose Rodriguez","PHI","2B","20","2","1","2","1",".243",".281","5","1","0","1","4",".379",".660","0%"
"Jose Ramos","LAD","CF","22","3","1","3","0",".205",".268","5","1","0","2","8",".361",".629","0%"
"Cal Mitchell","CWS","LF,RF","26","3","1","3","0",".224",".305","6","1","0","3","7",".383",".688","0%"
"Oscar Mercado","PHI","LF,CF,RF","42","4","1","4","2",".172",".245","7","2","1","4","9",".306",".551","0%"
"Alex Ramirez","NYM","OF","33","3","1","3","2",".198",".271","6","1","0","3","9",".292",".563","0%"
"Yunior Severino","MIN","1B,2B,3B","33","3","1","4","0",".223",".301","7","1","0","4","11",".376",".677","0%"
"Trayce Thompson","BOS","LF,CF,RF","32","4","1","4","0",".197",".274","6","1","0","3","12",".357",".631","1%"
"Diego Cartaya","MIN","C","23","3","1","3","0",".196",".271","5","1","0","2","8",".334",".606","0%"
"Tucker Flint","LAA","RF","23","3","1","3","0",".208",".289","5","1","0","3","9",".338",".628","0%"
"Eddys Leonard","DET","2B,SS","32","3","1","2","1",".232",".293","7","2","0","3","8",".343",".636","0%"
"George Valera","CLE","LF,RF","30","4","1","3","0",".212",".308","6","1","0","4","10",".371",".679","0%"
"Jorge Alfaro","MIL","C,DH","31","2","1","4","0",".224",".262","7","2","0","2","11",".345",".607","0%"
"Zack Short","HOU","2B,3B,SS","27","3","1","3","1",".177",".291","5","1","0","4","10",".276",".567","0%"
"Jake Lamb","SF","1B,LF","34","3","1","4","0",".207",".286","7","1","0","4","9",".301",".588","0%"
"Jason Vosler","","1B","21","2","1","3","0",".222",".283","5","1","0","2","6",".385",".668","0%"
"Ryan McKenna","","LF,CF,RF","18","2","1","2","1",".219",".285","4","1","0","2","6",".361",".646","0%"
"Blaine Crim","TEX","1B","24","3","1","3","0",".226",".290","5","1","0","2","6",".366",".656","0%"
"Carter Kieboom","LAA","3B","28","3","1","3","0",".222",".311","6","1","0","4","7",".317",".627","0%"
"Vimael Machin","BAL","3B","28","3","1","3","0",".213",".294","6","1","0","3","5",".309",".603","0%"
"Alex Freeland","LAD","SS","25","3","1","2","1",".212",".293","5","1","0","3","8",".347",".640","0%"
"Ali Sanchez","TOR","C","32","3","1","3","0",".206",".270","7","1","0","3","9",".308",".578","0%"
"Wilfred Veras","CWS","LF,RF","19","2","1","2","0",".239",".277","5","1","0","1","6",".389",".667","0%"
"Heriberto Hernandez","MIA","LF","22","3","1","2","0",".217",".296","5","1","0","2","8",".408",".704","0%"
"Nate Eaton","BOS","3B,LF,CF,RF","15","2","1","2","1",".215",".267","3","1","0","1","4",".358",".625","0%"
"Elijah Dunham","NYY","LF,CF,RF","19","2","1","2","1",".204",".275","4","1","0","2","6",".347",".622","0%"
"Davis Wendzel","CIN","3B","21","3","1","3","0",".207",".273","4","1","0","2","6",".355",".628","0%"
"Nathan Church","STL","LF","25","3","0","2","1",".243",".295","6","1","0","2","4",".338",".633","0%"
"A.J. Vukovich","ARI","3B,LF,CF","20","2","1","2","0",".231",".281","5","1","0","1","7",".366",".647","0%"
"Braxton Fulford","COL","C","20","2","1","2","0",".229",".289","5","1","0","2","6",".353",".642","0%"
"Gino Groover","ARI","2B,3B","20","2","1","2","0",".248",".304","5","1","0","2","4",".387",".691","0%"
"Jimmy Herron","MIL","CF","30","3","1","2","1",".215",".291","6","1","0","3","6",".307",".598","0%"
"Josh Kasevich","TOR","SS","32","3","0","3","0",".251",".297","8","2","0","2","5",".339",".636","0%"
"Bryce Teodosio","LAA","LF,CF,RF","27","2","1","2","2",".175",".238","5","1","0","2","10",".262",".500","0%"
"Brennan Milone","ATH","1B","23","3","1","2","0",".234",".299","5","1","0","2","6",".360",".659","0%"
"Owen Miller","COL","1B,2B,3B","22","3","0","2","0",".256",".302","6","1","0","1","5",".326",".628","0%"
"Dru Baker","TB","CF","19","2","0","2","1",".249",".299","5","1","0","1","5",".344",".643","0%"
"Tucupita Marcano","SD","2B,SS","22","3","0","2","1",".233",".296","5","1","0","2","5",".349",".646","0%"
"Connor Kaiser","ARI","SS","27","3","1","2","1",".177",".287","5","1","1","4","9",".312",".599","0%"
"Jhostynxon Garcia","BOS","CF,RF","21","2","1","2","0",".238",".283","5","1","0","1","6",".386",".670","0%"
"Andrew Velazquez","NYY","2B,SS,LF","31","3","1","2","2",".177",".231","5","1","0","2","12",".266",".497","0%"
"Frederick Bencosme","BAL","SS","20","2","0","2","1",".228",".287","5","1","0","2","4",".316",".603","0%"
"Jordyn Adams","BAL","CF,RF","27","3","0","2","1",".215",".277","6","1","0","2","9",".296",".573","0%"
"Ronny Simon","MIA","2B,LF","24","3","0","2","0",".233",".287","6","1","0","2","6",".336",".624","0%"
"Cesar Prieto","STL","2B,3B","24","3","0","2","0",".258",".287","6","1","0","1","4",".363",".650","0%"
"Bryan Torres","STL","CF","21","2","0","2","1",".258",".325","5","1","0","2","5",".353",".679","0%"
"Andrew Pinckney","WSH","LF,CF,RF","21","2","0","2","1",".227",".274","5","1","0","1","7",".339",".613","0%"
"Christian Arroyo","PHI","1B,2B,3B,SS,RF","27","3","0","3","0",".220",".262","6","2","0","2","7",".327",".589","1%"
"Matthew Batten","ATL","1B,2B,3B,SS","24","3","0","2","1",".220",".288","5","1","0","2","7",".314",".603","0%"
"Jared Walsh","","1B,RF","19","2","1","2","0",".197",".262","4","1","0","2","7",".331",".593","0%"
"Pablo Aliendo","CHC","C","19","2","1","2","0",".204",".265","4","1","0","2","7",".340",".605","0%"
"Rafael Flores","NYY","C","19","2","1","2","0",".226",".294","4","1","0","2","6",".360",".654","0%"
"Cooper Ingle","CLE","C","21","3","0","2","0",".245",".332","5","1","0","3","5",".379",".711","0%"
"Albert Almora Jr.","MIA","LF,CF,RF","25","3","0","2","0",".240",".282","6","1","0","1","5",".303",".585","0%"
"Trey Cabbage","","1B,LF,RF","14","2","0","2","1",".218",".279","3","1","0","1","6",".379",".659","0%"
"Carlos Mendoza","DET","3B","22","2","0","2","1",".226",".313","5","1","0","3","5",".308",".621","0%"
"Carlos Perez","CHC","C,1B","20","2","1","2","0",".204",".256","4","1","0","1","5",".340",".596","0%"
"Travis Blankenhorn","","LF,DH","20","2","1","2","0",".215",".277","4","1","0","2","6",".378",".655","0%"
"Rodolfo Duran","SD","C","20","2","1","2","0",".217",".257","4","1","0","1","5",".354",".612","0%"
"Paul McIntosh","PHI","C","20","2","1","2","0",".208",".282","4","1","0","2","6",".331",".613","0%"
"Charles McAdoo","TOR","3B,RF","20","2","1","2","0",".228",".287","4","1","0","2","6",".372",".659","0%"
"Warming Bernabel","COL","1B,3B","19","2","0","2","0",".253",".280","5","1","0","1","3",".364",".644","0%"
"Rhylan Thomas","SEA","LF","19","2","0","2","0",".250",".300","5","1","0","1","3",".345",".645","0%"
"Ryan Ritter","COL","SS","22","3","0","2","0",".245",".300","5","1","0","2","6",".365",".665","0%"
"Tristin English","ARI","1B,3B,RF","31","3","1","2","0",".196",".259","6","1","0","3","7",".287",".546","0%"
"Sam Haggerty","TEX","2B,LF","19","2","0","2","1",".215",".295","4","1","0","2","5",".315",".609","0%"
"Clay Dungan","SD","2B,3B,SS,CF","19","2","0","2","1",".203",".280","4","1","0","2","6",".293",".573","0%"
"Jeron Williams","HOU","SS","19","2","0","2","1",".225",".273","4","1","0","1","4",".340",".613","0%"
"Brett Bateman","CHC","CF","19","2","0","2","1",".233",".312","4","1","0","2","5",".309",".621","0%"
"Yonathan Perlaza","SD","2B,LF,RF","12","2","0","2","0",".229",".307","3","1","0","1","4",".398",".705","0%"
"Harold Ramirez","","LF,RF,DH","16","2","0","2","0",".268",".301","4","1","0","1","3",".369",".669","1%"
"John Rave","KC","LF,CF,RF","16","2","0","2","0",".225",".295","4","1","0","2","5",".357",".653","0%"
"Hayden Senger","NYM","C","21","2","1","2","0",".195",".250","4","1","0","2","8",".316",".566","0%"
"Jordan Groshans","KC","1B,3B","20","2","0","2","0",".237",".307","5","1","0","2","4",".330",".637","0%"
"Rafael Lantigua","PHI","2B,SS,LF","20","2","0","2","0",".238",".323","5","1","0","2","5",".338",".660","0%"
"Yeiner Fernandez","LAD","C,2B","20","2","0","2","0",".233",".296","5","1","0","2","4",".336",".631","0%"
"Buddy Kennedy","PHI","IF,2B","23","3","0","2","0",".228",".309","5","1","0","3","6",".338",".647","0%"
"Austin Gauthier","LAD","2B,SS,LF","23","3","0","2","0",".231",".322","5","1","0","3","6",".333",".655","0%"
"Tanner Murray","TB","SS","14","2","0","1","0",".246",".282","4","1","0","1","3",".358",".640","0%"
"Bryan Lavastida","HOU","C","20","2","0","2","1",".205",".273","4","1","0","2","6",".319",".592","0%"
"Christian Franklin","CHC","LF,CF,RF","20","2","0","2","1",".221",".310","4","1","0","3","6",".322",".632","0%"
"Terrell Tatum","CWS","RF","20","2","0","2","1",".204",".287","4","1","0","2","7",".296",".583","0%"
"Nelson Rada","LAA","CF","20","2","0","2","1",".221",".294","4","1","0","2","6",".302",".596","0%"
"Javier Vaz","KC","2B,LF","17","2","0","2","0",".243",".322","4","1","0","2","3",".346",".668","0%"
"Sergio Alcantara","SF","3B,SS","21","2","0","2","0",".222",".306","5","1","0","3","6",".320",".626","0%"
"Peyton Wilson","KC","2B,LF","21","2","0","2","0",".226",".292","5","1","0","2","5",".333",".625","0%"
"Justice Bigbie","DET","LF,RF","21","2","0","2","0",".237",".295","5","1","0","2","5",".335",".629","0%"
"Eliezer Alfonzo","DET","C","21","2","0","2","0",".237",".282","5","1","0","1","3",".332",".614","0%"
"Kody Huff","CLE","C","21","2","0","2","0",".215",".279","5","1","0","2","6",".310",".590","0%"
"Taylor Young","LAD","2B","21","2","0","2","1",".210",".279","4","1","0","2","7",".301",".581","0%"
"Caleb Knight","CHC","C","30","2","1","2","1",".167",".236","5","1","0","3","8",".243",".479","0%"
"David Dahl","","LF,RF","18","2","0","2","0",".223",".277","4","1","0","1","5",".358",".635","0%"
"Ryan Fitzgerald","MIN","2B,3B,SS","18","2","0","2","0",".211",".275","4","1","0","2","6",".347",".623","0%"
"Diego Castillo","","2B,3B,SS,OF","18","2","0","2","0",".229",".303","4","1","0","2","4",".344",".647","0%"
"Alfonso Rivas","STL","1B,LF","18","2","0","2","0",".222",".302","4","1","0","2","6",".334",".636","0%"
"Christian Cerda","ARI","C","18","2","0","2","0",".211",".310","4","1","0","3","5",".308",".618","0%"
"Termarr Johnson","PIT","2B,SS","18","2","0","2","0",".215",".306","4","1","0","2","5",".339",".645","1%"
"Anthony Prato","MIN","LF","18","2","0","2","0",".215",".308","4","1","0","2","5",".319",".626","0%"
"P.J. Higgins","CIN","C,1B","22","2","0","2","0",".232",".287","5","1","0","2","7",".346",".633","0%"
"Wyatt Young","NYM","SS","22","2","0","2","0",".222",".297","5","1","0","2","6",".304",".601","0%"
"Noah Mendlinger","STL","2B","22","2","0","2","0",".241",".306","5","1","0","2","4",".320",".626","0%"
"Daniel Susac","ATH","C","22","2","0","2","0",".228",".268","5","1","0","1","6",".347",".616","0%"
"Cam Devanney","KC","SS","15","2","0","2","0",".224",".282","3","1","0","1","4",".353",".635","0%"
"Kody Hoese","LAD","3B","19","2","0","2","0",".223",".273","4","1","0","1","5",".354",".627","0%"
"Brandon Crawford","","3B,SS","19","2","0","2","0",".222",".286","4","1","0","2","6",".342",".628","0%"
"Francisco Mejia","","C","19","2","0","2","0",".230",".274","4","1","0","1","5",".354",".628","0%"
"Carlos Perez","","C,1B","19","2","0","2","0",".223",".265","4","1","0","1","3",".351",".615","0%"
"Cody Freeman","TEX","SS","19","2","0","2","0",".221",".271","4","1","0","1","4",".352",".623","0%"
"Carter Jensen","KC","C","19","2","0","2","0",".212",".295","4","1","0","2","6",".338",".634","0%"
"Luke Waddell","ATL","SS","19","2","0","2","0",".228",".296","4","1","0","2","4",".306",".602","0%"
"Leonardo Bernal","STL","C","19","2","0","2","0",".221",".281","4","1","0","2","5",".334",".615","0%"
"Miguel Palma","HOU","C","19","2","0","2","0",".215",".274","4","1","0","2","5",".330",".604","0%"
"Jake Rucker","MIN","2B,3B","19","2","0","2","0",".231",".282","4","1","0","1","4",".334",".615","0%"
"Tanner Schobel","MIN","3B,SS","19","2","0","2","0",".211",".278","4","1","0","2","5",".321",".599","0%"
"Michael Turner","CWS","C","19","2","0","2","0",".212",".292","4","1","0","2","5",".298",".590","0%"
"Ricardo Olivar","MIN","C,LF","19","2","0","2","0",".231",".305","4","1","0","2","5",".355",".660","0%"
"Sam Brown","LAA","1B","19","2","0","2","0",".207",".260","4","1","0","1","5",".318",".578","0%"
"Andrew Cossetti","MIN","C","19","2","0","2","0",".195",".273","4","1","0","2","7",".317",".589","0%"
"Kevin Kiermaier","","CF","13","2","0","1","0",".226",".273","3","1","0","1","4",".356",".629","1%"
"Tyler Tolbert","KC","2B,SS,CF","14","1","0","1","1",".216",".266","3","1","0","1","4",".296",".563","0%"
"Raynel Delgado","MIL","2B,3B,SS","14","1","0","1","1",".202",".286","3","1","0","2","5",".250",".536","0%"
"Chris Williams","NYM","C","16","2","0","2","0",".179",".270","3","0","0","2","6",".301",".571","0%"
"Nick Raposo","SEA","C","16","2","0","2","0",".194",".266","3","1","0","2","4",".323",".588","0%"
"Jamie Ritchie","","C","20","2","0","2","0",".220",".314","4","1","0","3","5",".305",".619","0%"
"BJ Murray","CHC","1B,3B","20","2","0","2","0",".210",".293","4","1","0","2","6",".324",".617","0%"
"Jeferson Morales","MIN","C","20","2","0","2","0",".228",".286","4","1","0","2","5",".357",".643","0%"
"Cole Tucker","","3B,LF","21","2","0","2","0",".208",".283","4","1","0","2","6",".299",".582","0%"
"Darrien Miller","MIL","C","21","2","0","2","0",".193",".286","4","1","0","3","6",".297",".582","0%"
"Xavier Isaac","TB","1B","8","1","0","1","0",".214",".285","2","0","0","1","3",".355",".640","1%"
"Nick Dunn","SEA","2B","12","1","0","1","0",".247",".316","3","1","0","1","2",".349",".665","0%"
"Nathan Martorella","MIA","1B","12","1","0","1","0",".226",".291","3","0","0","1","3",".348",".640","0%"
"Jack Dunn","WSH","SS","12","1","0","1","0",".209",".300","3","0","0","2","3",".296",".596","0%"
"Ben Williamson","SEA","3B","12","1","0","1","0",".226",".287","3","1","0","1","4",".329",".616","0%"
"Brandon Valenzuela","SD","C,1B","15","2","0","1","0",".206",".274","3","1","0","1","4",".310",".584","0%"
"Dayan Frias","CLE","3B","9","1","0","1","0",".206",".274","2","0","0","1","3",".328",".602","0%"
"Eric Yang","CIN","C","9","1","0","1","0",".200",".273","2","0","0","1","3",".314",".586","0%"
"Matt Gorski","PIT","LF,CF,RF","9","1","0","1","0",".213",".264","2","0","0","1","3",".355",".619","0%"
"Gavin Cross","KC","RF","9","1","0","1","0",".226",".288","2","0","0","1","3",".355",".643","0%"
"Wes Clarke","MIL","C,1B","9","1","0","1","0",".187",".274","2","0","0","1","4",".331",".606","0%"
"Brice Matthews","HOU","3B,SS","9","1","0","1","0",".207",".274","2","0","0","1","3",".334",".608","0%"
"Yordys Valdes","CLE","2B,SS","10","1","0","1","0",".201",".252","2","0","0","1","3",".297",".549","0%"
"Will Wilson","CLE","3B,SS","10","1","0","1","0",".195",".251","2","0","0","1","3",".296",".547","0%"
"Milan Tolentino","CLE","3B,SS","10","1","0","1","0",".225",".282","2","1","0","1","3",".318",".601","0%"
"Kahlil Watson","CLE","2B,SS,CF","10","1","0","1","0",".206",".268","2","1","0","1","4",".339",".607","0%"
"Tristan Peters","TB","LF","11","1","0","1","0",".227",".298","2","1","0","1","3",".354",".652","0%"
"Shane McGuire","ATH","C","11","1","0","1","0",".212",".297","2","0","0","1","3",".298",".595","0%"
""
""